PL3144,TTGACAATTAATCATCCGGCTCGTATAATGTGTGGAATTGTGAGCGGATACAACTTCACACAGGAAACAGACC,ML3144,3039.79753927841,2.99584481190004,3,73
PL3145,TTAACAATTAATCATCCGGCTCGTATAATGTGTGGAATTGTGAGCGGATACAATTTCACACAGGAAACAGACC,ML3145,265.335764611433,2.60998464427351,3,73
PL3146,TTGACAATTAATCATCCGGCTCGTATAATGTGTGGAATTGTGAGCGGATACAATTTCACACAGGGAACAGACC,ML3146,673.507903464508,6.63915535902152,3,73
PL3147,TTGACAATTAATCATCCGGCTCGTATAATGTGTGGAATTGTATCTGCTCACAATTCCACACAGGAAACAGACC,ML3147,36241.3157162173,291.512566611,3,73
PL3148,TTGACAATTAATCGTCCGGCTCGTATAATGTGTGGAATTGTGAGCGGATACAATTTCACACAGGAAACAGACC,ML3148,4637.86366476483,5.1143386192748,3,73
PL3149,TTGACAATTAATCATCCGGCTCGTATAATGTGTGGAATCGTGAGCGGATACAATTTCACACAGGAAACAGACC,ML3149,14999.820057091,29.3061565012504,3,73
PL3150,TTGACAATTAATCATCCGGCTCGTATAATGTGTGGAATTGCGGGCGGATACAATTTCACACAGGAAACAGACC,ML3150,6814.38558849995,152.16573791297,3,73
PL3151,TTGACAATTAATCATCCGGCTCGTATAGTGTGTGGAATTGTGAGCGGACACAATTTCACACAGGAAACAGACC,ML3151,686.68991811867,6.8032325662615,3,73
PL3152,TTGACAATTAATCATCCGGCTCTTATAATGTGTGGAATTGCGGGCGGATACAATTTCACACAGGAAACAGACC,ML3152,15051.5209693481,63.2244804013499,3,73
PL3153,TTGACAATTAATCATCCGGCTCGTAAATGTGTGGAATTGTGAGCAGATAACAATTTCACACAGGAAACAGACC,ML3153,189.058192274627,2.1986383264655,3,73
PL3154,TTGACAACTAATCATCCGGCTCGTATAATGTGTGGAATTGTGAGCGGATACAATTTCACACAGGAAACAGACC,ML3154,5497.85264363428,13.9816758923498,3,73
PL3155,TTGACAATTAATCATCCGGCTCGTATAATGTGTGGAATTGTGAGCGGATACACTTTCACACAGGAAACAGACC,ML3155,2326.05731244665,6.83038808810488,3,73
PL3156,TTGACAATTAATCATCCGGCTCGTATAATGTGTGGAACTGTGAGCGGATACAATTTCACACAGGAAACAGACC,ML3156,3678.84878127194,8.31949846580483,3,73
PL3157,TTGACAATTAATCATCCGGCTCATATAATGTGTGGAATTGTGAGCGGATACAATTTCACACAGGAAACAGACC,ML3157,5091.7030675711,16.8599965908952,3,73
PL3158,TTGACAATTAATCATCCGGCTCGTATAATGTGTGAATTGTGAGTGGATAACAATTTCACACAGGAAACAGACC,ML3158,12581.6056222737,29.5367525153006,3,73
PL3159,TTGACAATTAATCATCCGGCTCTTATAATGTGTGGAATTGTGTGCGGATACAATTTCACACAGGTAACAGACC,ML3159,2682.58343487176,15.04502362626,3,73
PL3160,TTGACAATTAACCATCCGGCTCGTATAATGTGTGGAATTGTGAGCGGATACAATTTCACACAGGAAACAGACC,ML3160,4881.31242197254,18.8124219725351,3,73
PL3161,TTGACGATTAATCATCCGGCTCGTATAGTGTGTGGAATTGTGAGCGGATACAATTTCACACAGGAAACAGACC,ML3161,286.0847922692,3.324074725874,3,73
PL3162,TTGACAATCAATCATCCGGCTCGTATAATGTGTGGAATTGTGAGCGGATACAATTTCACACAGGAAACAGACC,ML3162,5429.09579551194,12.9354066905648,3,73
PL3163,TTGACAATTAATCATCCGGCTCGTATAATGTGTGGAATTGTGAGCGGAAACAATTTCACACAGGAAACAGACC,ML3163,4861.59876773012,7.49542426507014,3,73
PL3164,TTGACAATTAATCATCCGGCTCGTATAGTGTGTGGAATTGTGAGTGGATACAATTTCACACAGGAAACAGACC,ML3164,30789.2345243926,390.213716559099,3,73
PL3165,TTGACAATTAATCATCCGGCTCTTATAATGCGTGGAATTGTGTGCGGATACAATTTCACACAGGTAACAGACC,ML3165,1714.38388723545,18.42034556878,3,73
PL3166,TTGACAATTAATCAACCGGCTCGTATAATGTGTGGAATTGTGAGCGGATACAATTTCACACAGGAAACAGACC,ML3166,5412.13075479764,5.3904875111798,3,73
PL3167,TTGACAATTAATCATCCGGCTCGTATAATGTGTGGAATTGTGAGCGGATACAATTTCACACAGGAACCAGACC,ML3167,2256.08567832569,7.72355801598496,3,73
PL3168,CTGACAATTAATCATCCGGCTCGTATAGTGTGTGGAATTGTGAGCGGATACAATTTCACACAGGAAACAGACC,ML3168,172.594901217562,6.10166500528301,3,73
PL3169,TTGACAATTAATCATCCGGCTCGTATAGTGTGTGGAATTGTGGGCGGAAACACTTTCACACAGGAAACAGACC,ML3169,7955.85957144735,11.3823121443397,3,73
PL3170,TTGACAATTAATCATCCGGCTCGTACAATGTGTGGAATTGTGAGCGGATACAATTTCACACAGGAAACAGACC,ML3170,3914.2297784133,16.9561659498052,3,73
PL3171,TTGACAATTAATCATCCGGCTCGTATAGTATGTGGAATTGTGAGCGGATACAATTTCACACAGGAAACAGACC,ML3171,2373.64170231973,12.9527458860898,3,73
PL3172,TTGACAATTAATCATCCGGCTCGTATAGTGTGTGGAATTGTGAGCGGATACACTTTCACACAGGAAACAGACC,ML3172,819.432786939206,4.28516177874349,3,73
PL3173,TTGACAATTAATCATCCGGCTCGTATAATGTGTGGAATTGTGAGCGGATACAATTTTACACAGGAAACAGACC,ML3173,7470.45318473161,28.8514049763248,3,73
PL3174,TTGACAATTAATCATCCGGCTCGTATAATGTTTGGAATTGTGAGCGGATACAGTTTCACACAGGAAACAGACC,ML3174,1905.81972226864,1.89988731431993,3,73
PL3175,TTGACAATTAATCATCAGGCTCGTATAATGTGTGGAATTGTGAGCGGATACAATTTCACACAGGAAACAGACC,ML3175,4834.31433880386,20.4185571661451,3,73
PL3176,TTGACAATTAATCATCCGGCTCGTAAATGCGTGGAATTGTGGGCGGATAGCACTTTCACACAGGAAACAGACC,ML3176,345.89787088367,1.7549191960465,3,73
PL3177,TTGACAGTTAATCATCCGGCTCGTATAGTGTGTGGAATTGTGAGCGGATACAATTTCACACAGGAAACAGACC,ML3177,642.415798131574,3.75556537540001,3,73
PL3178,TTGACAATTAACCATCCGGCTCGTATAGTGTGTGGAATTGTGAGCGGATACAATTTCACACAGGAAACAGACC,ML3178,1111.53997564186,9.14967953055009,3,73
PL3179,TTGACAATTAATCATCCGGCTCGTATAATGTGTGGAATTGTGAGCAGATAACAATTTCACACAGGAAACAGAC,ML3179,8390.60685148127,35.3436935865302,3,73
PL3180,TTGACAATTAATCATCCGGCTCGTATAATGTGTGGAATTGTGGGCAGATAACAATTTCACACAGGAAATAGAC,ML3180,9753.08519757515,313.870296713951,3,73
PL3181,TTGACAATTAATCATCCGGCTCGTATAATGTGTGGAATTGTGAGCGGATATAATTTCACACAGGAAACAGACC,ML3181,5480.37881452719,0.01627676283988,3,73
PL3182,ATGGAATTCATGCGTATAGGTGAAGAACTGTTCACCGGTGTTGTTCCGATCCTGGTTGAACTGGACGGTGACG,ML3182,192.2791393001,3.4155769425615,3,73
PL3183,TTGACAATTAATCATCCGGCTCGTATAACGTGTGGAATTGTGTGCGGATACAATTTCACACAGGTAACAGACC,ML3183,827.421321204164,10.886490890308,3,73
PL3184,GCAGCGGACGATCTGAACCAACGGTTGCAAGATCTGAAAGAACGCACCAGAGTCACAAATGAATTCATGCGTA,ML3184,158.52694847842,2.572317098458,3,73
PL3185,TTGACAATTAATCATCCGGCTCGTATAGTGTGTGAATTGTGGGCGGATAACACTTTCACACAGGAAACAGACC,ML3185,1989.79472140763,4.340175953075,3,73
PL3186,TTGACAATTAATCATCCGGCTCGTATAATGTGTGGAATTGTGAGCGGTTACAATTTCACACAGGAAACAGACC,ML3186,3782.00628200628,17.5275175275201,3,73
PL3187,TTGACAATTAATCATCCGGCTCGTATAATGCGTGAAATTGTGAGCGGATACAATTTCACACAGTAAACAGACC,ML3187,335.913405310385,0.570526636685003,3,73
PL3188,TTGACAATTAATCATCCGGCTCGTATAGTGTGTGGAATTGTTATCTGCTACAATTCCACACAGGAAACAGACC,ML3188,6934.41407518561,37.0706839097747,3,73
PL3189,TTGACAATTAATCATCCGGCTCGTATAATGTGTGAATTGTAAGCGGATAACAATTTCACACAGGAAACAGACC,ML3189,13158.6692956197,16.5745657997495,3,73
PL3190,TTGACAATTAATCATCCGGCTCGTATAATGTGTGGAGTTGTGAGCGGATACAATTTCACGCAGGAAACAGACC,ML3190,1199.33961625617,3.267018814925,3,73
PL3191,TTACAATTAATCATCCGGCTCGTATAATGTGTGGAATTGTGTGCGGATAGCACTTTCACACAGGAAACAGACC,ML3191,245.65145958497,3.8495384190215,3,73
PL3192,TTGACAATTAATCATCCGGCTCGTATAATGCGTGGAATTGCGGGCGGATACAATTTCACACAGGTAACAGGCC,ML3192,2853.0949377613,29.278781772435,3,73
PL3193,TTGACAATTAATCATCCGGCTCGTATAGTGTGTGGAATTGTGAGCGGATACAATTTCACACAGGAAACAGACA,ML3193,2233.32484725051,1.18199010764988,3,73
PL3194,TTGACAATTAATCATCCGGCTCGTAAAGTATGTGGAATTGTGAGCGGATACAATTTCACACAGGAAACAGACC,ML3194,808.820791102092,2.67273589506601,3,73
PL3195,TTGACAATTAATCATCCGGCTCTATAATGTGTGGAATTGCGGGCGGATAACAATTTCACACAGGAAACAGACC,ML3195,16811.5074935695,17.6958104539499,3,73
PL3196,TAGACAATTAATCATCCGGCTCGTATAATGTGTGGAATTGTGAGCGGATACAATTTCACACAGGAAACAGACC,ML3196,1623.36533157184,9.06413980586001,3,73
PL3197,TTGACAATTAATCATCCGGCTCGTATAATGTGCGGAATTGTGAGCGGATACAATCTCACACAGGAAACAGACC,ML3197,712.075802353442,3.05843380716601,3,73
PL3198,TTGACAATTAATCATCCGGCTCGTATAATGTGTGGAATTGTGTGCGTATACAATTTCACACAGGTAACAGACC,ML3198,2693.12525131191,17.7858847960749,3,73
PL3199,TTGACAATTAATCATCCGGCTCGTATAGTGTGTGGAATTGTGGCGGATAACACTTTCACACAGGAAACAGACC,ML3199,8140.16354566236,32.7306911964047,3,73
PL3200,TTGACAATTAAACATCCGGCTCGTATAATGTTTGAATTGTGAGCAGATAACAATTTCACACAGGAAACAGACC,ML3200,10462.1741052992,21.4297370327504,3,73
PL3201,TTGACAATTAATCATCCGGCTCGTGTAATGTGTGGAATTGTGTGCGGATACAATTTCACACAGGTAACAGACC,ML3201,344.77499329085,3.131410650037,3,73
PL3202,TTGACAATTAATCATCCGGCTCGTATAGTGTGTGGAATTGTGAGCGGATGCAATTTCACACAGGAAACAGACC,ML3202,2282.04656644851,10.4160941975551,3,73
PL3203,TTGACAATTAGTCATCCGGCTCGTATAATGTGTGGAATTGTGTGCGGATACAATTTCACACAGGTAACAGACC,ML3203,2395.56437966744,11.312411163505,3,73
PL3204,TTGACATTAATCATCCGGCTCGTATAGTGTGTGGAATTGTGGGCGGATAACACTTTCACACAGGAAACAGACC,ML3204,336.434734588487,2.35901075775249,3,73
PL3205,TTGACGATTAATCATCCGGCTCGTATAATGTGTGGAATTGTGAGCGGGTACAATTTCACACAGGAAACAGACC,ML3205,3716.59889358247,5.92857894499502,3,73
PL3206,TTGACAATTAATCATCCGGCTCGTATAGTGTGTGGAATTGTGAGCGGATACAATTTCACACAGGAAACAGCCC,ML3206,1440.44892817035,1.67010387674497,3,73
PL3207,TTGACAATTAATCATCCGGCTCGTATAATGTGTGGAATTGTGATCGGATACAATTTCACACAGGAAACAGACC,ML3207,2224.97411536623,4.31025374864998,3,73
PL3208,TTGACAATTAATCATCCGGCTCGTGTAATGCGTGGAATTGTGGGCGGATACAATTTCACACAGGAAACAGACC,ML3208,386.771468913329,0.766525007643992,3,73
PL3209,TTGACAATTAATCATCCGGCTCGTATAATGTGTGGAATTGTGTACGGATACAATTTCACACAGGTAACAGACC,ML3209,851.604351834325,2.09867625761251,3,73
PL3210,TTGACAATTAATCATCCGGCTCGTATAATGTGTGGAATTGCGGCGGATAACAATTTCACACAGGAAACAGACC,ML3210,5884.55387983347,111.89923477526,3,73
PL3211,TTGACAATTAATCATCCGGCTCGTATAGTGTGTGGAATTGTGAGCGGATACAACCTCACACAGGAAACAGACC,ML3211,478.063540090772,3.5262508646295,3,73
PL3212,TTGACAATTAATCATCCGGATCTTATAATGTGTGGAATTGTGAGCGGATACAATTTCACACAGGAAGCAGACC,ML3212,3789.68757937516,17.50915945415,3,73
PL3213,TTGACAATTAATCATCCGGCTCGTATAATGTGTGGAATTGTGAGCGGATACAATTTGACACAGGAAACAGACC,ML3213,3780.77101718532,1.05525504858997,3,73
PL3214,TTGACAATTAATCATCCGGCTCGTATAATGTGTGGAATTGTGTGCGGATACAATCTCACACAGGAAACAGACC,ML3214,436.046511627907,0.628437925119982,3,73
PL3215,TTGACAATTAATCATCCTGCTCGTATAATGTGTGGAATTGTGAGCGGATACAATTTCACACAGGAAACAGACC,ML3215,6310.71940971511,40.4005465791347,3,73
PL3216,TTGACAATTAATCATCCGGCTCGTATAGTGTGTGGAATTGTGAGCGAATACAATTTCACACAGGAAACAGACC,ML3216,5140.52013422819,21.7222869144198,3,73
PL3217,TTGACAATTAATCATCCGGCGCGGATAATGTGTGGAATTGTGAGCGGATACAATTTCACACAGGAAACAGACC,ML3217,1305.76713819369,3.33191021725008,3,73
PL3218,TTGACAATTAATCATCCGGCTCGTATAGTGTGTGGAATTGTGAGCGGATACAATTTCTCACAGGAAACAGACC,ML3218,343.236227285838,1.35323286443,3,73
PL3219,TTGACAATTAATCATCCGGCTCTTATAATGTGTGGAATTGCGGGCGGATAACAATTTCACACAGGAAACAGAC,ML3219,9882.78197447252,9.51560136490025,3,73
PL3220,TGGACAATTAATCATCCGGCTCGTATAATGTGTGGAATTGTGTGCGGATACAATTTCACACAGGTAACAGACC,ML3220,1210.67415730337,0.233408578710055,3,73
PL3221,TTGACAATTAATCATCCGGCTCGTATAGTGTGTGGAATTGTCAGCGGATACAATTTCACACAGGAAACAGACC,ML3221,18079.295154185,190.266244759749,3,73
PL3222,TTGACAATTAATCACCCGGCTCGTATAATATGTGGAATTGTGAGCGGATACAATTTCACACAGGAAACAGACC,ML3222,4320.78559738134,4.66974257591528,3,73
PL3223,TTGACAATTAATCATCCGGCTCGTATAGTGTGTGGAATTGTGAGCGGATACAATTTCACACAGGAAACAGATC,ML3223,757.954951734001,0.293909541174514,3,73
PL3224,TTGACAATTAATCATCCGGCTCGTATAACGTTTGGAATTGCGAGCGGATACAATTTCACACAGGAAACAGACC,ML3224,4224.64756707594,2.68640744001505,3,73
PL3225,TTGACAATTAATCATTCGGCTCGTATAATGTTTGGAATTGTGAGCGGATACAATTTCACACAGGAAACAAACC,ML3225,8312.51369712908,0.119562535265686,3,73
PL3226,TTGACAATTAATCATCCGGCTCGTATAATGCGTGGAATTGTGGGCGGATAGCACTTTCACACAGGAAACAGAC,ML3226,1567.48140276302,0.001039346544985,3,73
PL3227,TTGACAATTAATCATCCGGCTCGTATAGTGTGTGGAATTGTAAGCGGATACAATTTCACACAGGAAACAGACC,ML3227,13372.6937269373,100.73749065095,3,73
PL3228,TTGACAATTAATCATCCGGCTCGTATAGTGTGTGGAATTGTGAGCGGATACAATGTCACACAGGAAACAGACC,ML3228,906.07000443066,0.415383064900482,3,73
PL3229,TTGACAATTAATCATCCGGCTCGTATAATGTGTGGAATTGCGGGCGTATAACACTTCACACAGGAAACAGACC,ML3229,8686.31368631369,28.0240077408052,3,73
PL3230,TTGACAATTAATCATCCGGCTCGTATAATGCGTGGAATTGTGGGCGGATACAATTTTACACAGGAAACAGACC,ML3230,14866.9547418695,23.1630463931506,3,73
PL3231,TTGACAATTAATCATCCGGCTCGTATAGTGTGTGGAATTGTGAGCGGATACAATCTCACACAGGAAACAGACC,ML3231,420.537897310513,1.23308467423701,3,73
PL3232,TTGACAATTAATCATCCGGCTGGTATAGTGTGTGGAATTGTGAGCGGATACAATTTCACACAGGAAACAGACC,ML3232,4898.091934085,0.709817144700082,3,73
PL3233,TTGACAATTAATCATCCGGCTCGTATAATGTGTGGAATTGTGTGCGGATACAATTCCACACAGGAAACAGACC,ML3233,696.726799358214,5.69689902598748,3,73
PL3234,TTGACAATTAATCATCCGTCTCGTATAATGTGTGGAATTTTGAGCGGATACAATTTCACACAGGAAACAGACC,ML3234,1635.98711458813,0.653741938359985,3,73
PL3235,TTGACAATTAACCATCCGGCTCGTATAATGTGTGGAATTGTGTGCGGATACAATTTCACACAGGAAACAGACC,ML3235,5810.51369178493,0.925544097589864,3,73
PL3236,TTGACAATTAATCATCCGGCTCGTATAGTGTGTGGAATTGTGAGCGGATACAATCTCACACAGGTAACAGACC,ML3236,348.889895786135,1.09950522265001,3,73
PL3237,TTGACAATTAATCATCCGGCTCGTATAGTGTGTGGAGTTGTGAGCAGATACAATTTCACACAGGAAACAGACC,ML3237,11839.5860284605,48.8768467432992,3,73
PL3238,TTGACAATTAATCATCAGGCTCGTATAGTATGTGGAATTGTGAGCGGATACAATTTCACACAGGAAACAGACC,ML3238,2812.06496519722,1.44584516473992,3,73
PL3239,TTGACAATTAATCATCCGGCTCTGATAATGTGTGGAATTGCGGGCGGATAACAATTTCACACAGGAAACAGAC,ML3239,5038.12697058471,473.52947113308,3,73
PL3240,TTGACAATTAATCATCCGGCTCGTATAATGTGTTGAATTGTGAGCGGATACAATTTCACACAGGAAACAGACC,ML3240,4930.42099700546,18.2760052529852,3,73
PL3241,TTGACAATTAATCATCCGGCTCGTATAATGTGTGGAATTGTGAGCGGATACAATTTCACACAGGAAACAGAAC,ML3241,1937.35739473138,2.29988087061508,3,73
PL3242,TTGACAATTAATCATCCGGCTCGTATAATGTGTGGAATTGTGAGCGGATACAATTTCACAGAGGAAACAGACC,ML3242,12552.1765056649,30.2614748106498,3,73
PL3243,TTGCAATTAATCATCCGGCTCGTATAATGCGTGGAATTGTGGGCGGATAGCACTTTCACACAGGAAACAGACC,ML3243,1025.2935862692,2.85406432628497,3,73
PL3244,TTGACAATTGATCATCCGGCTCGTATAGTGTGTGGAATTGTGAGCGGATACAATTTCACACAGGAAACAGACC,ML3244,301.66952298183,3.6110050709745,3,73
PL3245,TTGACAATTAATCATCCGGCTCGTATAGTGTGTGGAATTGTGAGCGGATACAATTTCGCACAGGAAACAGACC,ML3245,700.573423086512,2.01822533034851,3,73
PL3246,TTGACAATTAATCATCCGACTCGTATAATGTGTGGAATTGTGGGCAGATACAATTTCACACAGGAAACAGACC,ML3246,23463.7588197563,175.49314183125,3,73
PL3247,TTGACAATTAATCATCCGGCTCGTATAGTGTGTGGAATTGTGAGCGTATACAATTTCACACAGGAAACAGACC,ML3247,2031.25,1.30765397008508,3,73
PL3248,TTGACAATTAATCATCCGGCTCGTATATTGTGTGGAATTGTGAGCGGATACAATTTCACACAGGAAACAGGCC,ML3248,466.211443371792,2.18775772078951,3,73
PL3249,CTGACAATTAATCATCCGGCTCGTATAATGTGTGGAATTGTGAGCGGGTACAATTTCACACAGGAAACAGACC,ML3249,441.511151570323,4.67268673857751,3,73
PL3250,TTGACAATTAATCATCCGGCTCTTATAATGTGTGGAATTGTGAGCGGATAGAATTTCAAACAGGAAACAGACC,ML3250,5858.09312638581,1.59368734661484,3,73
PL3251,TTGACAATTAATCATCCGTCTCGTATAATGTGTGGAATTGTGAGCGGATACAATTTCACACAGGTAACAGACC,ML3251,1459.09926470588,7.78295360206505,3,73
PL3252,TTGACAATTAATCATCCGGCTCGTATAATGTGTGGAATTGTGAGCGGATACAATTACACACAGGAAACAGACC,ML3252,5131.55168841931,102.39840712321,3,73
PL3253,TTGACAATTAATCATCCGGCTCGTATAGTGTGTGAAATTGTGGGCGGATACAATTTCACACAGGAAACAGACC,ML3253,9218.68625051,80.3890805727106,3,73
PL3254,TTGACAATTAATCATCCGGTTCGTATAATGTGTGGAATTGTGTGCGGATACAATTTCACACAGGAAACAGACC,ML3254,3511.70568561873,7.01507209562487,3,73
PL3255,TTGACAATTAATCATCCGGCTCGTATAATGTGTGGAATTGTGGGCGGATAACACTTTCACACAGGAAACAGAC,ML3255,648.587570621469,0.01154939307952,3,73
PL3256,ATGACAATTAATCATCCGGCTCGTATAGTGTGTGGAATTGTGAGCGGATACAATTTCACACAGGAAACAGACC,ML3256,232.774674115456,0.190748126385998,3,73
PL3257,TTGACAATTAATCATCCGGCCCGTATAATGTGTGGAATTGTGTGCGGATACAATTTCACACAGGTAACAGACC,ML3257,2600.4885631801,11.9256393099249,3,73
PL3258,TCGACAATTAATCATCCGGCTCGTATAGTGTGTGGAATTGTGAGCGGATACAATTTCACACAGGAAACAGACC,ML3258,242.546740778171,0.375536044899505,3,73
PL3259,TTGTCAATTAATCATCCGGCTCGTATAGTGTGTGGAATTGTGAGCGGATACAATTTCACACAGGAAACAGACC,ML3259,256.058074051177,3.88416100769901,3,73
PL3260,TTGACAATTAATCATCCGGCTCGTATAATGCGTGGAATTGTGAGCGGATACAATTTCACGCAGGAAACAGACC,ML3260,514.571948998179,0.838195578021015,3,73
PL3261,TTGACAATTAATCATCCGCTCGTATAGTGTGTGGAATTGTGGGCGGATAACACTTTCACACAGGAAACAGACC,ML3261,446.777846407247,0.573543839997001,3,73
PL3262,TTGACAATTAATCATCCGGCTCGTATAATGTGTGGAACTGTGGGCGGATACAATTTCACACAGGAAACAGACC,ML3262,4032.38866396761,23.4940939722449,3,73
PL3263,TTGACAATTAATCATCCGGCTCGTATAATGTGTGGATTGTAAGCGGATAACAATTTCACACAGGAAACAGACC,ML3263,17188.0457985639,40.5055331220483,3,73
PL3264,TTGACAATTAATCATCCGGCTCGTATAGTGTGTGGAATTGTGAGCGGATACAACTTCACACAGGAAACAGACC,ML3264,999.11190053286,3.08615386654003,3,73
PL3265,TTGACAATTAATCATCCGGATCTTATAATGTGTGGAATTGTGAGCGTATACAATTTCACACAGGAAACAGACC,ML3265,6743.58974358974,11.4804413828051,3,73
PL3266,TTGACAATTAATCATCCGGCTCGTATAATGTGTGGAATTGTGAGTGGATACAATTTCACACAGGATACAGACC,ML3266,21507.7708511138,222.998379655401,3,73
PL3267,TTGACAATTAATCATCCGGCTCGTATAATGTGTGGAATTGTGGGCGGATAACACCTTCACACAGGAAACAGAC,ML3267,516.406670252824,1.912476019792,3,73
PL3268,TTGACAATTAATCATCCGGCTCGTATAATGTGTGGAATTGTTAGCGGATACAATTTCACACAGGAAACAGACC,ML3268,25753.6372453928,613.146531828199,3,73
PL3269,TTGACAATTAATCATCCGGCTCGTATGATGTGTGGAATTGTGAGCGGATACAATTTCACACAGGAAACAGACC,ML3269,988.815906266643,1.26536825558702,3,73
PL3270,TTGACAATTAATCATCCGGCTCGTATAGTGTGTGGAATTGTGAGCAGATACAATTTCACATAGGAAACAGACC,ML3270,19860.6713109563,226.396195884601,3,73
PL3271,TTGACAATTAATCATTCGGCTCGTATAGTGTGTGGAATTGTGAGCGAATACAATTTCACACAGGAAACAGACC,ML3271,5117.29292090513,8.54340276132007,3,73
PL3272,TTGCAATTAATCATCCGGCTCGTATAGTGTGTGGAATTGTGGGCGGATAACAATTTCACACAGGAAACAGACC,ML3272,261.887447570567,2.2007204477315,3,73
PL3273,TTGACAATTAATCATCCGGCTCGTAAATGTGTGGAATTGTGAGCGGATAACAATTTCACACAGGAAACAGACC,ML3273,311.3339193805,0.165973941454496,3,73
PL3274,TTGACAATTAATCATCCGGCTCGTATAGTGTGTGGAATTGTGGGCGGATAACACTTTCACACGGAAACAGACC,ML3274,512.108980827447,2.2314880777775,3,73
PL3275,TTGACAATTAATCATCTGGCTCGTATAATGTGTGGAATTGTGTGCGGATACAATTTCACACAGGAAACAGACC,ML3275,4116.11374407583,39.4407890375301,3,73
PL3276,TTGACAATTAATCATCCGGCTCGTCTAGTGTGTGGAATTGTTAGCGGATACAATTTCACACAGGAAACAGAAC,ML3276,261.031442036861,2.54683272352202,3,73
PL3277,TTGACAATTAATCATCCGGCGCTTATAATGTGTGGAATTGTGAGCGGATACAATTTCACACAGGAAACAGACC,ML3277,4602.30987143168,14.6320814331202,3,73
PL3278,TTGACAATTAAGCATCCGGCTCGTATAGTGTGTGGAATTGTGAGCGGATACAATGTCACACAGGAAACAGACC,ML3278,909.498207885305,1.9211743321905,3,73
PL3279,TTGACAATTAATCATCCGGCTCGTATAATGCGTGGAATTGTGAGCGGATACAATTTCACACAGGAGACAGACC,ML3279,9257.0933506606,12.840787275105,3,73
PL3280,TTGACAATTAATCATCCGGCTCGTATAATGTGTGGAATTGTGTGCGGATACAATTTTACACAGGTAACAGACC,ML3280,9132.59229853116,56.3760225614296,3,73
PL3281,TTGACAATTAATCATCCGGCTCGTATACTGTGTGGAATTGTGAGCGGATACAATTTCACACAGGAAACAGACC,ML3281,3590.1255586295,1.8622518006548,3,73
PL3282,TTGACAATCAATCATCCGGCTCGTATAATGTGTGGAATTGTGTGCGGATACAATTTCACACAGGTAACAGACC,ML3282,3248.43260188088,59.56478631146,3,73
PL3283,TTGACAATTAATTATCCGGCTCGTATAATGTGTGGAATTGTGAGCGGATACAATTTCACAGAGGAAACAGACC,ML3283,13701.9421323821,2.91877228424983,3,73
PL3284,TTACAATTAATCATCCGGCTCGTATAATGTGTGGAATTGTGAGCAGATAACAATTTCACACAGGAAACAGACC,ML3284,263.653483992467,0.82816300250002,3,73
PL3285,TTGACAATTAATCATCCGGCTCGTATTGTGTGTGGAATTGTGAGCGGATACAATTTCACACAGGAAACAGACC,ML3285,314.195298372514,0.592484747684978,3,73
PL3286,TTGACAATTAATCATCCGGCTCGTATAATGTGTGGGATTGTGTGCGGATACAATTTCACACAGGAAACAGACC,ML3286,3165.07177033493,7.44939679272989,3,73
PL3287,TTGACAATTAATCGTGCGGCTCGTATAATGTGTGGAATTGTGTGCGGATACAATGTCACACAGGAAACAGACC,ML3287,618.583162217659,2.051590076845,3,73
PL3288,TTGACAATTAATCATCCGGCTCGTATAATGTGTGGAATTGTGGGCAGATAACAATTTCACACAGAAACAGACC,ML3288,3257.1832312765,27.0655779676001,3,73
PL3289,TTGACAATTAATCATCCGGCTCGTATAATGTGTGGAATTGTGGGGGATAACAATTTCACACAGGAAACAGACC,ML3289,14782.6776649746,81.5054771427003,3,73
PL3290,TTGACAATTAATCATCCGGCTCGTATAATGTGTGGTATTGTGAGCGGATACAATTTCACACAGGAACCAGACC,ML3290,2395.65587734242,7.25618651744503,3,73
PL3291,TTGACAATTAATAATCCGGCTCGTATAATGCGTGGAATTGTGGGCGGATACAATTTCACACAGGAAACAGACC,ML3291,10451.2779552716,51.9474833883996,3,73
PL3292,TTGACAATTAATCATCCGGCTCGTATAATGTGTGGAATTGCGAGCGGATACAATTTCACACAGAAAACAGACC,ML3292,3020.59496567506,13.794474792415,3,73
PL3293,TTGACAATTAATCATCCGGCTCGTATAATGTGTGAAATTGTGAGCGGATACAATTTCACACAGGACACAGACC,ML3293,3854.4097060196,17.097909636555,3,73
PL3294,TTGGCAATTAATCATCCGGCTCGTATAATGTGTGGAATTGTGTGCGGATACAATTTCACACAGGTAACAGACC,ML3294,638.64001837813,7.24882360228202,3,73
PL3295,TTGACAATTAATCATCCAGCTCGTATAGTGTGTGGAATTGTGGGCGGATACAATTTCACACAGGAAACAGACC,ML3295,10775.1771526734,27.3771096731998,3,73
PL3296,TTGACAATTAATCATCCGGCTCGTACAGTGTGTGGAATTGTGAGCGGATACAATTTCACACAGGAAACAGACC,ML3296,323.922083606916,0.18848066919449,3,73
PL3297,TTGACAATTAATCATCCGTCTCGTTTAATGTGTGGTATTGTGACAGGATACCATTTCAAACATGAAAAAGAAC,ML3297,1382.67228007977,10.7668041910999,3,73
PL3298,TTGACAATTAATCATCCGGCTCGTATAATGTGTGGAATTGTGAGCGGATACAATTTCACACAGGAAACATACC,ML3298,2611.22533074604,17.27000880123,3,73
PL3299,TTGACAATTAATCACCCGGCTCGTATAGTGTGTGGAATCGTGAGCGGATACAATTTCACACAGGAAACAGACC,ML3299,9414.36803302578,11.8614751709356,3,73
PL3300,TTGACAATTAATCATCCGGCTCGTATAATGTGTGGAATTGTGGGCGGATACAATTTCACACAGGTAACAGACC,ML3300,3647.60918308009,25.45934594654,3,73
PL3301,TTGACAATTATCATCCGGCTCGTATAATGTTTGGAATTGTGAGCAGATAACAATTTCACACAGGAAACAGACC,ML3301,8114.66105479738,10.6694581587253,3,73
PL3302,TTGACAATTAATCATCCGGCTCGTATAATGTGTGGAATTGTGTGCGGATACAATTTCACACAGGTAATAGACC,ML3302,2884.21733240833,23.81702837995,3,73
PL3303,TTGACAATTAATCATCCGGCTCGTATAATGTGTGGAATTGTGAGCGGATACAATTTCACTCAGGAAACAGACC,ML3303,2571.91385280931,4.56044551928994,3,73
PL3304,TTGACAAATAATCATCCGGCTCGTATAATGTGTGGAATTGTGAGCGGATACAATTTCACACAGGAAACAGACC,ML3304,4628.35515069444,7.96469516298475,3,73
PL3305,TTGACAATTTATCATCCGGCTCGTATAATGCGTGGAATTGTGAGCGGATACAATTTCACACAGGAAACAGACC,ML3305,1992.23811417136,12.903274003455,3,73
PL3306,TTGACAATTAATCATCCGGGTCGTATAGTGTGTGGAATTGTGAGCGGATACAATTTCACACAGGAAACAGACC,ML3306,1843.5189673872,13.24495834224,3,73
PL3307,TTGACAATTAATCATCCGGCTCGGATAATGTGTGGAATTGTGAGCGGATACAATTTCACACAGGAAACAGACC,ML3307,656.345399040558,4.93702252905399,3,73
PL3308,TTGACAATTAATCATCCGGCTCGTATAATGTTTGGAATTGTGGCGGATAACAATTTCACACAGGAAACAGACC,ML3308,20023.8090764224,184.2960714418,3,73
PL3309,TTGACAATTAATCATCCGGCTCGTATAAGGTGTGGAATTGTGAGCGGATACAATTTCACACAGGAAACAGACC,ML3309,256.726617928886,0.863078483256999,3,73
PL3310,TTGACAATTAATCATCCGGCTCGTATAATGCGTGGAATTGTAAGCGGATACAATTTCACACAGGAAACAGACC,ML3310,18619.1012825389,512.051674183849,3,73
PL3311,TTGACAATTAATCATCCGGCTCGTTTAATGTGTGGAATTGTGAGCGGATACAATTTCACACAGGAAACAGACC,ML3311,227.008841222219,0.396406591191493,3,73
PL3312,TTGACAATTAATCATCCGGCTCTTATAATGTGTGGAATTGTGAGCGGATACAATTCCACACAGGAAACAGACC,ML3312,3433.74009288316,18.960593479115,3,73
PL3313,TTGACAATTAATCATCCGGCTCGTATAATGTGTGGTATTGTGAGCGGATAACAATTTCACACAGGAACAGACC,ML3313,310.086450412624,1.66414910776001,3,73
PL3314,TTGACAATTAATCATCCGGCTCGTATAATGTGTGGAATTGTGAGCGGATACAATTTCACACTGGAAACAGACC,ML3314,723.881153474839,2.45780470564551,3,73
PL3315,TTGACAATTAATCATCCGGCTCGTATAATGCGTGGAATTGTGGGCGGATACAATTTCACACAGGTAACAGACC,ML3315,3411.04657011244,4.82859949406497,3,73
PL3316,TTGACAATTAATCATCCGGCTCGTATAATGCGTGAATTGTGGGCGGATAGCACTTTCACACAGGAAACAGACC,ML3316,3962.06382037731,18.7802382877601,3,73
PL3317,TTGACAATTAATCATCCGGCTCGTATAGTGTGTGGAATTGTGAGCGGATACAATTCCACACAGGAAACAGACC,ML3317,940.594059405941,4.72596481553597,3,73
PL3318,TTGACAATTAATCATCCGGCTCTTATAATGTGTGGAATTGCGAGCGGATAACAATTTCACACAGGAAACAGAC,ML3318,4015.05019388542,1.21976694615501,3,73
PL3319,TTGAAATTAATCATCCGGCTCGTATAATGTGTGGAATTGTGAGCGGATAACAATTTCACACAGGGAACAGACC,ML3319,214.333580636135,0.071779497868491,3,73
PL3320,TTGACAATTAATCATCTGGCTCGTATAATGTGTGGAATTGTGAGCGGATACAATTTCATACAGGAAACAGACC,ML3320,7681.3019551552,128.987433912325,3,73
PL3321,TTGACAATTAATCATCCGGCTCGTATAGTGTGTGGAATTGTTAGCGGATACAATTTCACACAGGAAACAGACC,ML3321,17935.83509034,161.4824392919,3,73
PL3322,TTGACAATTAATCATCCGGCTCGTATAATGTGTGGAATTGTGTGCGGATACAATCTCACACAGGTAACAGACC,ML3322,408.811661009297,0.403252600888521,3,73
PL3323,TTGACAATTAATCATCCGGCACGTATAATGTGTGGAATTGTGAGCTGATACAATTTCACACAGGAAACAGACC,ML3323,11146.8303828389,50.5380382137,3,73
PL3324,TTGACAGTTAATCATCCGGCTCGTATAATGTGTGGAATTGTGAGCGGATACAATTTCACACAGGAAACAGACC,ML3324,5276.82618382803,25.90819117197,3,73
PL3325,TTGACATTTAATCATCCGGCTCGTATAATGTGTGGAATTGTGAGCGGATACAATTTCACACAGGAAACAGACC,ML3325,4980.90424148008,21.5746876225498,3,73
PL3326,TTGACAATTAATCATCCGGCTCGTATAATGTGTGGAATTGTGTGCGGACACAATTTCACACAGGAAACAGACC,ML3326,5899.29592489866,2.96131458211994,3,73
PL3327,TTGACAATTAATCATCCGGCTCGTATAATGCGTGGAATTGTGTGCGGATACAATTTCACACAGGAAACAGACC,ML3327,4395.6464016887,21.272027314325,3,73
PL3328,TTGACAATTAATCATCCGGCTCGTATAATGTGTGGAATTGTGGGCGGATAACACTTCACACAGGAAACAGACC,ML3328,2696.32408243816,2.93449031439013,3,73
PL3329,TTGACAATTAATCATCCGGCTCGTATAATGTGTGGAATTGTGTGCGGATACAACTTCACACAGGTAACAGACC,ML3329,816.138529722838,2.54890075547098,3,73
PL3330,TTAACAATTAATCATCCGGCTCGTATAATGTGTGGAATTGTGAGCGGATACAGTTTCACACAGGAAACAGACC,ML3330,226.509434401463,1.6573633955465,3,73
PL3331,TTGACAATTAATCATCCGGCTCTTATAATGTGTGGAATTGCGGGCGGATACAATTTCACACAGGTAACAGACC,ML3331,4366.45318618273,10.9499489843802,3,73
PL3332,TTGACAATTAATCATCCGGCACGTATAATGTGTGGAATTGTGTGCGGATACAATTTCACACAGGAAACAGACC,ML3332,4475.45571439377,31.0112699493252,3,73
PL3333,CTGACAATTAATCATCCGGCTCGTATAATGTGTGGAACTGTGAGCGGATACAATTTCACACAGGAAACAGACC,ML3333,329.135944526591,0.268709447418985,3,73
PL3334,TTGCAATTAATCATCCGGCTCGTATAATGTGTGGAATTGTGAGCAGATAACAATTTCACACAGGAAACAGACC,ML3334,2057.72681784023,8.61358455236996,3,73
PL3335,TTGACAATTAATCATCCGGCTCGTATAATGTGTGGAATTGTGTGTGAATACAATTTCACACAGGTAACAGACC,ML3335,447.418582422889,1.01191085065449,3,73
PL3336,TTGACAATTAATCATCTGGCTCGTATAGTGTGTGGAATTGTGAGCGGATACAATTTCACACAGGAAACAGACC,ML3336,1324.06436989982,9.68838253804995,3,73
PL3337,TTGACAATTATTCATCCGGCTCGTATAATTTGTGGAATTGTGAGCGGATACAATTTCACACAGGAAACAGACC,ML3337,3892.22863563669,16.2111027625549,3,73
PL3338,TTGACAATTAATCATCCGGCTCGTATAGTGTGTGGAATTGTGGGCGGATAACACTTCACACAGGAAACAGACC,ML3338,1849.56861445322,38.097859200515,3,73
PL3339,TTGACAATTAATCATCCGGCTCGTATAATGTGTGGAATTGTGGGGGATAACACTTTCACACAGGAAACAGACC,ML3339,2766.1144531769,15.0650505291851,3,73
PL3340,TTGACAATTAATCATCCGGCTCGAATAGTGTGTGGAATTGTGGGCGGATACAATTTCACACAGGAAACAGACC,ML3340,295.903370942166,1.60725443731198,3,73
PL3341,TTGACAATTAATCATCCGGCTCGTAAAGTGTGTGGAATTGTGGGCGGATAACACTTTCACAAGGAAACAGACC,ML3341,520.808912309174,1.06368937923753,3,73
PL3342,TTGACAATTAATCATCCGGCTCGTATAATGTGTGGAATTGTGGGAGGATACAATTTCACACAGGAAACAGACC,ML3342,16338.63946602,46.6321998982994,3,73
PL3343,TTGACAATTAATCATCCGGCTCTTATAATGTGTGAATTGCGGGCGGATAACAATTTCACACAGGAAACAGACC,ML3343,21716.2928950211,199.705217295999,3,73
PL3344,TTGACAATTAATCATCCAGCTCGTATAGTGTGTGGAATTGTGAGCGGATACAATTTCACACAGGAAACAGACC,ML3344,1566.31572858217,3.17579684155999,3,73
PL3345,TTGACAATTAATCATCCGGCTCGTATATGTGTGGGATTGTGGGCAGATAACAATTTCACACAGGAAACAGACC,ML3345,1563.92353023442,8.20360912988008,3,73
PL3346,TTGACAATTAATCATCCGGCTCGTATAATGTGTGGTATTGTGAGCGGATAACAATTTCACACAGGAAACAGAC,ML3346,369.821507087489,2.553465850376,3,73
PL3347,TTGACAATTAATCATCCGGCTCGTATAATGTGTGGAATTGTGAGCGGATACAATTTCACACAGGATACAGACC,ML3347,4249.89651946033,16.7358976986702,3,73
PL3348,TTGACAATTAATCATCCGGCTCGTATAATGAGTGGAATTGTGAGCGGATACAATTTCACACAGGAAACAGACC,ML3348,6345.1276323741,23.5718942201647,3,73
PL3349,TTGACAATTAATCATCCGGCTCGTATAATGTGCGGAATTGTGAGCGTATACAATTTCACACAGGAAACAGACC,ML3349,4851.31083850837,35.2870996359652,3,73
PL3350,TTGACAATTAATCATCCGGCTCGTATAATGTGTGGAGTTGTGAGCGGATACAAGTTCACACAGGAAACAGACC,ML3350,421.011597242302,0.180455737830499,3,73
PL3351,TTGACAATTAAGCATCCGGCTCGTATAATGTGTGGAATTGTGAGCGGATACAATTTCACACAGGAAACAGACC,ML3351,5044.97861156932,61.4043671540799,3,73
PL3352,TTGACAATTAATCATCCGGGTCGTATAATGTGTGGAATTGTGAGCGGTTACAATTTCACACAGGAAACAGACC,ML3352,6081.01686107529,26.3843631873701,3,73
PL3353,TTGACAATTAATCATCCGGCTCGTATAATGTGTGGGATTGTGAGCGGATACAATTTCACACAGGAAACAGACC,ML3353,6078.55964419688,24.2465451553448,3,73
PL3354,TTGACAATTAATCATCCGGCTCGTATAATGTGTGGAATTGTGAGTGATAACAATTTCACACAGGAAACAGACC,ML3354,12716.1322806625,603.49026954325,3,73
PL3355,TTGACAATTAATCATCCGGCTCGTATAATGTGTGGAATTGTGAGCGGATACAATTTCACACAGGAGACAGACC,ML3355,30335.4990127534,22.0193889289494,3,73
PL3356,TTGACAATTAATCATCCGGCTTGTATAACGTGTGGAATTGTGAGCGGATACAATTTCACACAGGAAACAGACC,ML3356,377.337966574573,2.23603670232501,3,73
PL3357,CTGACAATTAATAATCCGGCTCGTATAGTGTGTGGAATTGTGAGCGGATACAATTTCACACAGGAAACAGACC,ML3357,301.081160695838,0.04120448346751,3,73
PL3358,TTGACAATCAATCATCCGGCTCGTATAGTGTGTGGAATTGTGAGCGGATACAATTTCACACAGGAAACAGACC,ML3358,1239.07889025268,6.72972465575492,3,73
PL3359,TTGACAATTAATCATCCGGCTCGTATAATGTGTGGAATTGTGAGCGTATACAATTTCACACAGGTAACAGACC,ML3359,4019.25121661964,39.4532368216599,3,73
PL3360,TTGACAATTAATCGTCCGGCTCGTATAGTGTGTGGAATTGTGAGCGGATACAATTTCACACAGGAAACAGACC,ML3360,1495.52935591075,11.9612807933751,3,73
PL3361,TTGACAATTACTCATCCGGCTCGTATAATGTGTGGAATTGTGAGCGGATACAATTTCACACAGGAAACAGACC,ML3361,9985.41391004824,157.110059892155,3,73
PL3362,TTGACAATTAATCATTCGGCTCGTATAGTGTGTGGAATTGTGAGCGGATACAATTTCACACAGGAAACAGACC,ML3362,1552.27280280391,9.80394663176503,3,73
PL3363,TTGACAATTAATCATCCGGCTCGTATAATGTGTGGAATTGTGAGCGAATACAATTTCACACAGGAAACAGACC,ML3363,17590.7719115727,253.770536056851,3,73
PL3364,TTGACAATTAATCATCCGGCTCGTATAGTGTGTGGAATTGTGAGCGGATACAATTTTACACAGGAAACAGACC,ML3364,1960.277912504,20.751897794105,3,73
PL3365,TTGACAATTAATCATCCGGCTCGTATACTGTGTGGAATTGTGGGCGGATACAATTTCACACAGGAAACAGACC,ML3365,15257.2730032898,215.4266933735,3,73
PL3366,TTTCCCCTTCATCCTCCGGCTCGTCTCCTGTGTGGCCTTGTGAGCGGATACACTTTCCCACAGGAAACAGACC,ML3366,249.857146250567,0.430540745980494,3,73
PL3367,TTGACAATTAATCATCGGGCTCGTATAATGTGTGGAATTGTGAGCGGATACAATTTCACACAGGAAACAGACC,ML3367,5725.16756680583,22.64131077404,3,73
PL3368,TTGACAATCAATCATCCGGCTCGTATAATGTGCGGAATTGTGAGCGGATACAATTTCACACAGGAAACAGACC,ML3368,2246.59167653642,5.4569247633749,3,73
PL3369,TTGACAATTAATCATCCGGCTCGTATAGTGTGTGGAATTGTGGGCGGAAACAATTTCACACAGGAAACAGACC,ML3369,9903.89168513889,21.4549199091043,3,73
PL3370,TTGACAATTAATCATCCGGCTCGTATAATACGTGGAATTGTGAGCGGATACAATTTCACACAGGAAACAGACC,ML3370,2643.20319179253,21.3736107153049,3,73
PL3371,TTGACAATTAATCATCCGGCTCGTATAATGTGTGGAATAGTGAGCGGATACAATTTCACACAGGAAACAGACC,ML3371,13757.676351225,91.9968513894501,3,73
PL3372,TTGACAATTAATCATCCGGCTCGTATAATGTGTGGAATTGTGAGCGGATACAATTTCACACATGAAACAGACC,ML3372,524.433836117445,3.39175194910746,3,73
PL3373,TTGACAATTAATCCTCCGGCTCGTATAATGTGTGGAATTGTGAGCGGATACAATTTCACACAGGAAACAGACC,ML3373,6332.71064317925,64.8731020156952,3,73
PL3374,TTGACAATTAATCATCCGGCTCGTATAATGTGTGGAATTGTGTGCGGATACAATTTCACACAGGTATCAGACC,ML3374,3313.83621429865,6.57364446624501,3,73
PL3375,TTGACAATTAATCATCCGGCTCGTATAATGTGTGGAATTGTGAGCGGATACAATTTCACACAGGAATCAGACC,ML3375,4926.46878613101,40.1355419480701,3,73
PL3376,TCGACAATTAATCATCCGGCTCGTATAATGTGTGGAATTGTGTGCGGATACAATTTCACACAGGAAACAGACC,ML3376,1449.91416333191,20.0526341326249,3,73
PL3377,TTGACAATTAATCATCCGGCTCGTATATGTGTGGAATTGTAAGCGGATAACAATTTCACACAGGAAACAGACC,ML3377,295.933760644485,2.26675349433202,3,73
PL3378,TTGACAATTAATCATTCGGCTCTTATAATGTGTGGAATTGTGAGCGGATACAATTTCACACAGGAAACAGACC,ML3378,5675.60615400802,35.7818494692251,3,73
PL3379,TTGACAATTAATCTTCCGGCTCGTATAGTGTGTGGAATTGTGAGCGGATACAATTTCACACAGGAAACAGACC,ML3379,1301.59251154875,1.59251154875005,3,73
PL3380,TTGACAATTAATCATCGGCTCGTATAATGTGTGGAATTGTAAGCGGATAACAATTTCACACAGGAAACAGACC,ML3380,6509.59385581459,3.63974602660983,3,73
PL3381,TTGACAATTAATCATCCGGCTCGTATAATGTGTGGAATTGTGAGCGGATACAATTTCACACAGGAAACAGACA,ML3381,8291.57813063412,85.7366841807043,3,73
PL3382,TTGACAATTAATCATCCGGCTCGTATAGTGTGTGGAATTGTGAGCGGATACAATTTCACACTGGAAACAGACC,ML3382,342.849389153538,2.0983460381,3,73
PL3383,TTGACAATTAACCATCCGGCTCGTATAATGTGTGGAATTGTGTGCGGATACAATTTCACACAGGTAACAGACC,ML3383,2257.27559637594,1.29628157310003,3,73
PL3384,TTGACAATTAATCATCCGGCTCGTACAATGTTTGGAATTGTGAGCGGATACAATTTCACACAGGAAACAGACC,ML3384,3564.98880874023,4.19906159787001,3,73
PL3385,TTGACAATTAATCATCCGGCTCGTATAATGTGTGGAATTGTGTGCGGATACAGTTTCACACAGGTAACAGACC,ML3385,2145.09248143701,1.84629407318494,3,73
PL3386,TTGACAATTAATCATCCGGCTCGTATAATGTGTGGAATTGTGAGCGGATACAAGTTCACACAGGAAACATACC,ML3386,486.925155847743,1.20149322877401,3,73
PL3387,TTGACAATTAATCATCCGGCTCGTATAGTGTGTGGAATTGTGATCTGATACAATTTCACACAGGAAACAGACC,ML3387,19594.8056611428,138.1167836441,3,73
PL3388,TTGACAATTAATCATCCGGCTCGTATAATGTGTGGAATTGCGGGCGGATACACTTTCACACAGGAAACAGACC,ML3388,11810.1445833075,151.3321422142,3,73
PL3389,TTGAAAATTAATCATCCGTCTCGGATAATGTGTGGATTTGTGAGTGGATACAATTTCACACAGGAAACAGACC,ML3389,2193.8005424719,18.82762806237,3,73
PL3390,TTGCAATTAATCATCCGGCTCGTATAATGTGTGGAATTGCGGGCGGATAACACTTTCACACAGGAAACAGACC,ML3390,4223.46815896704,15.5330300936002,3,73
PL3391,TTGACAATTAATCATCCGGCTCGTGTAATGTGTGGAATTGTGAGCGGATACAATTTCACACAGGAAACAGACC,ML3391,286.20188299818,1.68087020778648,3,73
PL3392,TTGAAAATTAATCATCCGGCTCGTATAGTGTGTGGAATTGTGAGCGGATACAATTTCACACAGGAAACAGACC,ML3392,301.976873991438,2.22666583157101,3,73
PL3393,TTGACAATTAATCATCCGGCTCGTATAGTGTGTGGAATTGTGAGCGGATACAATTTCACACAGGAAATAGACC,ML3393,1519.82793954939,11.60379681173,3,73
PL3394,TTGACAATTAATCATCCGGCTCTTATAATGTGTGGAATTGCGGGCGGATAACAATTTCACACAGGAACAGACC,ML3394,6370.49303378702,27.4833574440099,3,73
PL3395,TTGACAATTAATCATCCGGCTCGTATAATGCATGGAATTGTGAGCGGATACAATTTCACACAGGAAACAGACC,ML3395,3157.21003655699,14.554669325355,3,73
PL3396,TTGACAATTAATCATCCGGCTCGTATAATGTGTGGAATTGTGGGCGGATACAATATCACACAGGAAACAGACC,ML3396,8188.20319094156,17.8486822572904,3,73
PL3397,TTGACAATTAATCATCCGGCTCTTATAATGTGTGGAATTGTGAGCGGATACAATTTCACACAGGAAACAGGCC,ML3397,1894.88805865888,12.6857539213549,3,73
PL3398,TTGACAATTAATCATCCGGCTCGTATAATGTGTGGGATTGTGTGCGGATACAATTTCACACAGGTAACAGACC,ML3398,1841.92526169309,16.567590257475,3,73
PL3399,TTGACAATTAATCATCCGGCTCGTATAATGTGGGGAATTGTGAGCGTATACAATTTAACACAGGAAACAGACC,ML3399,9576.928079074,243.59474574067,3,73
PL3400,TTGACAATTAATCATCCGGCTCGTATAATGTGTGGAATTGCGGGCGGATAACAATTTCACACAGGAAACAGAC,ML3400,12050.2013928609,48.5385369057494,3,73
PL3401,TTGACAATTAATCATCCGGCTCGTATAATGTGTGGAATTGTGGGCAGATAACAATTTCACACAGGAAACAGAC,ML3401,18251.9179838565,100.820265388951,3,73
PL3402,TTACAATTAATCATCCGGCTCTTATAATGTGTGGAATTGTGAGCAGATAACAATTTCACACAGGAAACAGACC,ML3402,261.671486516593,1.362801881716,3,73
PL3403,TTGACAATTAATCATCCGGCTCGTATAGTGTGTGGAATTGTGAGCGGCTACAATTTCACACAGGAAACAGACC,ML3403,3726.48607997616,125.43746224499,3,73
PL3404,TTGACAATTAATCATCCGGCTCGTATAATGTGTGGAGTTGTGAGCGGATACAATTTCACACAGGAAACGGACC,ML3404,583.676733007114,0.637863749162534,3,73
PL3405,TTGACAATTAATCATCCGGCTCGTATAGTGTGTGGAATTGTGAGCGGATACAATTTCACACAGGAAACAAACC,ML3405,1647.4004972015,49.554895765225,3,73
PL3406,TTGACAATTAATCATCCGGCTCGTATAATGGGTGGAATTGTGTTCGGATACAATTTCACACAGGTAACAGACC,ML3406,2757.30549272614,89.2528246734751,3,73
PL3407,TTGACAATTAATCATCCGGCACGTATAGTGCGTGGAATTGTGAGCGGATACAATTTCACACAGGAAACAGACC,ML3407,474.275163559753,3.492102286983,3,73
PL3408,TTGACAATTAATCATCCGGTTCGTATAGTGTGTGGAAGTGTGAGCGGATACAACTTCACACAGGAAACAGACC,ML3408,350.65210389154,2.54399578343251,3,73
PL3409,TTGACAATTAATCATCCGGCTCGTATAGTGTGTGGAATTGTGAGCGGATACAATTTCACACAGGAAACAGACG,ML3409,2948.48645117574,32.13568038979,3,73
PL3410,TTGACAATTAATCATCCGGCTCTTATAATGTGTGGAATTGTGAGCGGATACAATTTAACACAGGAAACAGACC,ML3410,6181.44604307926,104.742851083065,3,73
PL3411,TTGACAATTAATCATCCGGCTTGTATAATGTGTGTAATTGTGAGCGGATACAATTTCACACAGGAAAGAGACC,ML3411,7963.68275605377,59.2565907580447,3,73
PL3412,TTGACAATTAATCATCCGGTTCTTATAATGTGTGGAATTGTGAGCGGATACAATTTCACACATGAAACAGACC,ML3412,386.766321467436,1.36153241384349,3,73
PL3413,TTGACAATTAATCATCCGGCTCGTATAATGTGTGCAATTGTGAGCGGATACAATTTCACACAGGAAACAGACC,ML3413,4937.01993385108,22.4980476966552,3,73
PL3414,TTGACAATTAATCATCCGGCACGTATAATGTGTGGAATTGTGGGCGGATACAATTTCACACAGGAAACAGACC,ML3414,11741.0687901817,10.0469882378502,3,73
PL3415,TTGACAATTAATCATCCGGCTCGTATAATGTGTGGAATTGTGAGCGGATACAATTTCACATAGGAAACAGACC,ML3415,7714.01182875436,21.70413644667,3,73
PL3416,TTGACAATTAATCATCCGGCTCGGATAGTGTGTGGAATTGTGGGCGGATAACACTTTCACACAGGAAACAGCC,ML3416,218.976860579045,0.617734015550511,3,73
PL3417,TTGACAATTAATCATCCGGCTCGTATAATGTGTGGAATTGTGAGCGGATACAAGTTCACACATGAAACAGACC,ML3417,1165.62378860717,33.8711608877851,3,73
PL3418,TTGACAATTAATCATCCGGCTCGTATAATGTGTGGAATTGTGTGCGGATACAATTTCACACAGGTAACAGACT,ML3418,16261.1416356145,195.56786512275,3,73
PL3419,TTGACAATTTATCATCCGGCTCGTATAATGTGTGGAATTGTGAGCGGATACAATTTCACACAGGAAACAGACC,ML3419,4262.98338891733,4.79903786090972,3,73
PL3420,TTGACAATTAATCATCCGGCTCGAATAATGTGTGGAATTGTGAGCGGATACAATTTCACACAGGAAACAGACT,ML3420,387.739095434242,18.667310972164,3,73
PL3421,TTGACAATTAGTCATCCGGCTCGTATAATGTGTGGAATTGTGAGCGGATTCAATTTCACACAGGAAACAGACC,ML3421,12425.8981369269,2.13132078340004,3,73
PL3422,TTGACAATTAATCATCCGGCTCGTATAATGCGTGGAATTGTGGGCGGATAGCACTTTCACACAGGAACAGACC,ML3422,1619.83822716882,1.63682706111501,3,73
PL3423,TTGACAATTAATCATCCGGCTCGTATAGTGTGTGGAATTGTGAGCAGATACAATTTCACACAGGAAACAGACC,ML3423,20040.1950246373,8.22210757874927,3,73
PL3424,TTGACAATTAATCAACCGGCTCGTATAATGTGTGGAATTGTGAGAGGATACAATTTCACACAGGAAACAGACC,ML3424,19758.2444940951,69.4478135972004,3,73
PL3425,TTGACAATTAATCATCCGGCTCGTGTAGTGTGTGGAATTGTGAGCGGATACAATTTCACACAGGAAACAGACC,ML3425,214.432055767554,0.204084870222005,3,73
PL3426,TTGACAATTAATCATCCGGCTCGTATAATGTGTGGAATTGTAAGCGAATACAATTCCACACAGGAAACAGACC,ML3426,18466.8038033908,16.0028880589998,3,73
PL3427,TTGACAATTAATCATCCGGCTCGTATAATGTGTGGAATTGTGAGTGGATACAATTTAACACAGGAAACAGACC,ML3427,13866.9672660539,338.900209919801,3,73
PL3428,TTGACAATTAATCATCCGGCTCGTATAGTGTGTGGGATTGTGAGCGGATACAATTTCACACAGGAAACAGACC,ML3428,1518.31647495206,3.92634247147998,3,73
PL3429,TTGACAATTAATCATCCGGCTCGTATAGTGTGTGGAATTGTGAGCGGATACAATTTCACGCAGGAAACAAACC,ML3429,403.521022136384,8.55246867726399,3,73
PL3430,TTGACAATTAATCATCCGGCTCGTATAGTGTGTGGAATTGTGGGCGGATACAATTTCACACAGGAAGCAGACC,ML3430,11461.8735352762,66.1176831651001,3,73
PL3431,TTGACAATTAATCATCCGGCTCGTATAATGTGTGGAATTGTGAGCGGATACAATTTCAAACAGGAAACAGACC,ML3431,4383.85841809888,15.222980217015,3,73
PL3432,TTGACAATTAATCATCCGGCTCGTATATGTTTGGAATTGTGAGCAGATAACAATTTCACACAGGAAACAGACC,ML3432,329.447503519961,1.4984090510435,3,73
PL3433,TTGACAATTAATCATCCGGCTCGTATAATGTGTGGTATTGTGGGCGGATACAATTTCACACAGGAAACAGACC,ML3433,4550.16751169504,36.6322664524846,3,73
PL3434,TTGATAATTAATCATCCGGCTCGTATAATGTGTGGAATTGTGTGCGGATACAATTTCACACAGGTAACAGACC,ML3434,1329.86226764605,29.7436436840051,3,73
PL3435,TTGACAATTAATCATCCGGCTAGTATAATGTGTGGAATTGTGAGCGGATACAATTTCACACAGGAAACAGACC,ML3435,4890.10173749108,5.34481322223519,3,73
PL3436,TTGACAATTAATCATCCGGCGCGTATAATGTGTGGAATTGTGTGCGGATACAATTTCACACAGGTAACAGACC,ML3436,2408.3562855338,23.643714466205,3,73
PL3437,TTGACAATTAATCATCCGGCTCGTATAATGTGTGGAATTGTGAGCAGATAACAATTCACACAGGAAACAGACC,ML3437,11200.5562422744,23.1767614338996,3,73
PL3438,TTGACAATTAATCATCCGGCTCGTATAATGTGTGGTATTGTGAGCGGATACAATTTCACACAGGGAACAGACC,ML3438,972.650555735276,1.07432834509501,3,73
PL3439,TTGACAATTCATCATCCGGCTCGTATAATGTGTGGAATTGTGAGCGGATACAATTTCACACAGGAAACAGACC,ML3439,5669.38023062641,10.9792045468898,3,73
PL3440,TTGACAATTAATCATCCGGCTCGTATAATGTGTCGAATTGTGTGCGGATACAATTTCACACAGGTAACAGACC,ML3440,1972.20307881975,0.819930966015022,3,73
PL3441,TTGACAATTAATCATCCGGCTCGTATAATGTGTGGAATTGTGTGCGGATACAATTTCACACAGGTAAAAGACC,ML3441,3303.68387234953,8.11736988648499,3,73
PL3442,TTGACAATTAATCATCCGGCTCGTATAATGTGTGGAATTCTGTGCGGATACAATTTCACACAGGTAACAGACC,ML3442,912.699847643293,12.9153648846715,3,73
PL3443,TTGACAATTAATCATCCGGCTCGTATAATGCGTGGAATTGTGAGCGGATACAATTTCACACAGGAAACAGGCC,ML3443,827.569586739991,2.4170263791525,3,73
PL3444,TTGACAATTAATCATCCGGCTCGTATAATGTGTGGAATTGTGTGCGGATACAATTTCACACAGGTAACAGGCC,ML3444,1311.94944741795,56.78652864787,3,73
PL3445,TTGACAATTAATCATCTGGCTCGTATAATGTGTGGAATTGTGTGCGGATACAATTTCACACAGGTAACAGACC,ML3445,2401.09570761766,25.9434542680951,3,73
PL3446,TTACAATTAATCATCCGGCTCTTATAATGTGTGGAATTGCGGGCGGATAACAATTTCACACAGGAAACAGACC,ML3446,365.111697065418,0.222177503284996,3,73
PL3447,TTGACAATTAATCATCCGGCTCGTATAATGTGTGGAATTGTGAACGGATACAATTCCACACAGGAAACAGACC,ML3447,2388.16663389928,42.7378887137902,3,73
PL3448,TTGCAATTAATCATCCGGCTCGTATAATGTGTGGAATTGCGGGCGGATAACGCTTTCACACAGGAAACAGACC,ML3448,7880.47570823921,102.697930461425,3,73
PL3449,TTGACAATTAATCACCCGGCTCGTATAATGTGTGGAATTGTGTGCGGATACAATTTCACACAGGTAACAGACC,ML3449,2557.40996299519,1.54404120747517,3,73
PL3450,TTGACAATTAATCATCCGGCTCGTATAATGTGTGGAATTGTGAGCGGAGACAATTTCACACAGGAAACAGACC,ML3450,5851.16631105061,31.8432893066101,3,73
PL3451,TTGACAATTAATCATCCGGCCCGTATAATGTGTGGAACTGTGATCGGATACAATTTCCCACAGGACACAGACC,ML3451,621.603260869565,3.39673913043498,3,73
PL3452,TTGACAATTAATCATCCGGCTCGTATAATGTGTGGAATTGTGTGCGGATACAATTTCACACAGGCAACAGACC,ML3452,1773.26117304662,12.004628544,3,73
PL3453,TTGACAATTAATCATCCGGCTCGTATAGTGTGTGGAATTGTGAGCTGATACAATTTCACACAGGAAACAGACC,ML3453,20568.5747214752,138.70337919765,3,73
PL3454,TTGACAATTAATCATCCGGCTCGTATAATGTGTGGAATTGTGAGCGGATAACAATTTCACACAGGAAACAGAC,ML3454,276.073619631902,1.23975802936349,3,73
PL3455,TTGACCCTTCCTCCTCCTGCTCGTCTCCTTCTTTGACTTGTGGGCGGCTCGCACTTTCACACAGGACACAGCC,ML3455,236.80649526387,0.74342012507249,3,73
PL3456,TTGACAATTAATCATCCGGCTCTTATAATGTGTAGAATTGCGAGCGGATACAATTTCACACAGGAAACAGACC,ML3456,20404.1527623285,92.7112840958489,3,73
PL3457,TTGACAATCAATCATCCGGCTCGTATAGTGTGTGGAATTGTGAGCGGACACAATTTCACACAGGAAACAGACC,ML3457,557.813911472448,2.33202524261554,3,73
PL3458,TTGACAATTAATCATCCGGCTCGTATAATGTGTGGAATTGTAAGCGGATAACAATTTCACACAGGAAACAGAC,ML3458,5333.44881344188,5.38390130105017,3,73
PL3459,TTGACAATTAATCATCCGCCTCGTATAGCGTGTGGAATTGTGAGCGGATACAATTTCACACAGGAAACAGACC,ML3459,245.974955277281,0.763173243697992,3,73
PL3460,TTGACAATTAATCATCCGGCTCGTATATGTGTGGAATTGTGGGCAGATAACAATTTCACACAGGAAACAGACC,ML3460,1100.75051171253,6.64364542943997,3,73
PL3461,TTGACAATTAATCATCCGGCTCGTATAATGTGTGGAATTGTGAGCGGATACATTTTCACACAGGAAACAGACC,ML3461,4322.96890672016,16.3576400082302,3,73
PL3462,TTGACAATAATCATCCGGCTCGTATAATGTGTGGAATTGTGAGCGGATAACAATTTCACACAGGAAACAGACC,ML3462,250.927340170194,1.347913430475,3,73
PL3463,TTGACAATTAATCATCCGGCTCGTATAACGTTTGGAATTGTGGGCGGATACAATTTCACACAGGAAACAGACC,ML3463,2597.51212312882,24.7582191055251,3,73
PL3464,TTGACAATTAATCATCCGGATAGTATAATGTGTGGAATTGTGAGCGGATACAATTTCACACAGGAAACAGACC,ML3464,4343.62934362934,13.6913248147598,3,73
PL3465,TTGACAATTAATCATCCGGCTCGTATAATGTGTGGAATTGTGAGCGGATACAATTTCACACAGGAAACAGACG,ML3465,9861.57253599114,44.1039393314995,3,73
PL3466,TTGACAATTAATCATCCGGCTCGTATAATGTGTGGAATTGTGAGCGGATACAATTTCACACAGGAAATAGACC,ML3466,6633.70593293207,432.80926008764,3,73
PL3467,TTGACAATTAATCATCCGGCTCGTATAGTGTGTGGTATTGTGAGCGGATACAATTTCACACAGGAAACAGACC,ML3467,2782.63094561262,86.50831260991,3,73
PL3468,TTGACAATTAATCATCCGGCTCGTATAATGTGTGAATTGTAGGCGGATAACACTTTCACACAGGAAACAGACC,ML3468,12017.8967106624,16.0409927314504,3,73
PL3469,TTGACAATTAATCATCCGGCTCGTATAATGTGTGGAATTGTGGCGGATAACAATTTCACACAGGAAACAGACC,ML3469,27242.3318972624,411.023392980451,3,73
PL3470,TTGACAATTAATCATCCGGCTCGTATAGTGTGTGGAATTGTGAGCGGATACAATTTCACAAAGGAAACAGACC,ML3470,1384.29038349331,2.35836202639996,3,73
PL3471,TTGACAATTAATCATCCGGCTCGTAAATGTGTGGAATTGCGAGCGGATAACAATTTCACACAGGAAACAGACC,ML3471,325.615937203553,2.43217651979248,3,73
PL3472,TTGACAATTAGTCATCCGGCTCTTATAATGTGTGGAATTGTGAGCGGATACAATTTCACACAGGAAACAGACC,ML3472,4775.33402905024,58.8719046321303,3,73
PL3473,TTGACAACTAATCATCCGGCTCGTATAGTGTGTGGAATTGTGAGCGGATACAATTTCACACAGGAAACAGACC,ML3473,991.050270968593,14.1043682066665,3,73
PL3474,TTGACATTAATCATCCGGCTCGTATAATGTGTGGAATTGTGAGTGGATAACAATTTCACACAGGAAACAGACC,ML3474,4691.13421019608,12.3897400043797,3,73
PL3475,TTGACAATTAATCATCCGGATCGTATAGTGTGTGGAATTGTGAGCGGATACAATTTCACACAGGAAACAGACC,ML3475,2432.38072813962,26.635665302995,3,73
PL3476,TTGACAATTAATCATCCGGCTCGTATAATGTTTGGAAATGTGAGCGGATACAATTTCACACAGGAAACAGACC,ML3476,8280.0421532196,58.3539585665503,3,73
PL3477,TTGACAATTAATCATCCGGCTCGTATAATGTGTGGAATTGTGAGAGGATACAATTTCACACAGGAAACAGAGC,ML3477,7597.00875703691,58.8084174783353,3,73
PL3478,TTGACAATTAATCATCCGGCTCGTATAATGTGTGGAATTGTAAGCGGATACAATTTCACACAGGTAACAGACC,ML3478,13621.6158230552,111.92649669405,3,73
PL3479,TTGACAATTAATCATCCGGCTCGTATAATGTGTGGAATTGTGAGCGGATACAATTTCACAAAGGAAACAGACC,ML3479,6014.36267705887,7.41823261442505,3,73
PL3480,TTGACAATCAATCATCCGGCTCGTATAATGTTTGGAATTGTGAGCGGATACAATTTCACACAGGAAACAGACC,ML3480,6642.92915990457,29.781628853365,3,73
PL3481,TTGACAATTAATCATCCGGCTCGTATAGAGTGTGGAATTGTGAGCGGATACAATTTCACACAGGAAACAGACC,ML3481,236.984689919222,0.980299139859,3,73
PL3482,TTGACAATTACTCATCCGGCTCGTATAATGTGTGGAATTGTGAGCGGATACAATTTCACACAAGAAACAGACC,ML3482,1078.56850553023,9.26157483716008,3,73
PL3483,TTGACAATTAAACATCCGGCTCGTATAATGTGTGGAATTGTGAGCGGATACAATTTCACACAGGAAACAGACC,ML3483,5070.86809082607,76.5241994233597,3,73
PL3484,TTGACAATTAATCATCCGGCTCGTATATGCGTGGAATTGTGGGCGGATAGCACTTTCACACAGGAAACAGACC,ML3484,377.027055334608,2.21446163145998,3,73
PL3485,TTGACAATTAATCATCCGGCTCGTATAATGTGTGGAATTGTGAGTGGATAACAATTTCACACAGGAAACAGAC,ML3485,3718.11396534504,21.2562943653702,3,73
PL3486,TTGACAATTAATCATCCGGCTCGTATAATGTGTGGAATTGTGGGCGGATACACTTTCACACAGGAAACAGACC,ML3486,8138.32696909914,19.2251142341902,3,73
PL3487,TTGACAATTAATCATCCGGCTCTTATAATGTGTGGAATTGCGGGCGGATAACACTTTCACACAGAAACAGACC,ML3487,916.746202915728,2.82484266068002,3,73
PL3488,TTGACAGTTAATCATCCGGCTCGTATAATGTGTGGAATTGTGTGCGGATACAATTTCACACAGGAAACAGACC,ML3488,4058.5945526823,13.8601631203198,3,73
PL3489,TTGGCAATTAATCATCCGGCTCGTATAGTGTGTGGAATTGTGAGCGGATACAATTTCACACAGGTAACAGACC,ML3489,229.52616141415,0.757750257773495,3,73
PL3490,TTGACAATTAATCATCCGGCTCGTATAGTGTGTGGAATTATGAGCGGATACAATTTCACACAGGAAACAGACC,ML3490,27797.8710270642,206.27619947805,3,73
PL3491,TTGACAATTAATCATCCGGCTCGTATAATGTTTGGAATTGTGAGAGGATACAATTTCACACATGAAACAGACC,ML3491,1598.52797423955,0.934391351849968,3,73
PL3492,TTGACAATTAATCATCCGGCTCGTATAATGTGTGGAATTGTGAGCGGATACAATTTCACCCAGGAAACAGACC,ML3492,744.805508514695,1.54386952749047,3,73
PL3493,TTGACAATTAATCATCCGACTCGTATAGTGTGTGGAATTGTGAGCGGATACAATTTCACACAGGAAACAGACC,ML3493,1235.76027736504,4.95294700346506,3,73
PL3494,TTGACAATTAATCATCCGGCTCGTATAATGTGTGGAATTGTGAGCGGATACAATGTCACACAGGAAACAGACC,ML3494,2499.63493612599,10.3252232365599,3,73
PL3495,TTGACAATTAATCATCGGCTCGTATAATGTGTGGAATTGCGAGCGGATAACAATTTCACACAGGAAACAGACC,ML3495,3898.56740999643,6.10121553409999,3,73
PL3496,TTGACAATTAATCATCCTGCTCGTATAATGTGTGGAATTGTGTGCGGATAACACTTTCACACAGGAAACAGAC,ML3496,907.389404549994,7.79567268696349,3,73
PL3497,TTGACAATTAATCATCCGGCTCGTATAATGTTTGGAATTGTGAGCGGATACAATTCCACACAGGAAACAGACC,ML3497,4187.40579773421,77.3514499081202,3,73
PL3498,TTGACAATTAATCATCCGGCCCTTATAATGTGTGGAATTGTGAGCGGATACAATTTCACACAGGAAACAGACC,ML3498,5625.98575780331,18.3031381559599,3,73
PL3499,TTGACAATTAATCATCCGGCACGTATAATGTGTGGAATTGTGTGCGGATACAATTTCACACAGGTAACAGACC,ML3499,2527.50816065961,0.172952912034816,3,73
PL3500,TTGTCAATTAATCATCCGGCTCGTATAATGTGTGGAATTGTGAGCGGATACAATTACACACAGGAAACAGACC,ML3500,924.334996543816,3.35558641582503,3,73
PL3501,TTGAAAATTAATCATCCGGCTCGTATAATGTGTGGAATTGTGAGCGGATACAATTTCACACAGGAAGCAGACC,ML3501,1723.21989750998,4.07807527536511,3,73
PL3502,TTGACAATTAATCATCCGGCTCGTATAGTGTGTGGAATTGTGAGCGGATACAATTTCACACAGAAAACAGACC,ML3502,380.892841979025,0.860635859862015,3,73
PL3503,TTGACAATTAATCATCCGGCTCGTATAATGTGTGGAATTGTGAGCGGATACAATTGCACACAGGAAACAGACC,ML3503,2311.97034034464,63.820084226265,3,73
PL3504,TTGACAATTAATCATCCGGCTCGTATAGTGTGTGGAATTGTGAGCGGATACAGTTTCACACAGGAAACAGACC,ML3504,733.041245269772,4.73399064672805,3,73
PL3505,TTGACAATTAATCATCCGGCTCGGATAGTGTGTGGAATTGTGAGCGGATACAATTTCACACAGGAAACAGACC,ML3505,227.896489273235,1.98856819802849,3,73
PL3506,TTGACAATTAATCATCCGGCTCGTATAGTGTGTGGAATTGTGGGCGGATAACACTTTCACACAGGAACAGACC,ML3506,1032.06786089418,21.1180264149301,3,73
PL3507,TTGACAATTAATCATCCGGCTCGTATAATGTGTGGAATTGTGAGCGGATACAATTTCACCAAGGAAACAGACC,ML3507,724.626978716958,3.768083011437,3,73
PL3508,TTAACAATTAATCATCCGGCTCTTATAATGTGTGGAATTGCGGGCGGATACAATTTCACACAGGAAACAGACC,ML3508,920.315380328384,19.216479229483,3,73
PL3509,TTGACAATTAATCATCCGGCTCGTATAATGCGTGGAATTGTGGGCGGATACAATTTCACACAGGAAACAGACC,ML3509,9392.39527269658,47.8138320736152,3,73
PL3510,TTGGCAATTAATCATCCGGCTCGTATAATGTGTGGAATTGTGAGCGGATACAATTTCACACAGGAAACAGACC,ML3510,430.76376160135,2.35027348636899,3,73
PL3511,TTGACAATTAATCATCCGGCTCGTATAGTGTGTGGAATTGTGTGCGGATACAATTTCACACAGGTAACAGACC,ML3511,2512.53126496895,18.828494188095,3,73
PL3512,TTGGCAATTAATCATCCGGCTCGTATAGTGTGTGGAATTGTGAGCGGATACAATTTCACACAGGAAACAGACC,ML3512,246.731950548468,1.7585278537605,3,73
PL3513,TTGACAATTAATCATCCGGCTCGTATAATGTGTGGAATTGTGAGCGGATACAATTTCACACAGGAAACGGACC,ML3513,1045.99974876645,2.49304284561003,3,73
PL3514,CTGACAATTAATCATCCGGCTCGTATAATGTGTGGAATTGTGAGCGGATACAATTTCACACAGGAAACAGACC,ML3514,363.154136310985,3.05968530744349,3,73
PL3515,TTGACAATTAATCATCCGGCTCGTATAATGTGTGGAATTGTGAGCGGATACAATTTCACGCAGGAAACAGACC,ML3515,927.180722891566,3.48594377510051,3,73
PL3516,TTGACAATTAATCATCCGGCTCGTATAATGTGTGGAATTGTGAGCGGATACAATTTCACACGGGAAACAGACC,ML3516,1729.02181482162,8.84508433560495,3,73
PL3517,TTGACAATTAATCATCCGGCCCGTATAGTGTGTGGAATTGTGAGCGGATACAATTTCACACAGGAAACAGACC,ML3517,1458.72202378822,10.788139490695,3,73
PL3518,TTGACAATTAATCATCCGGCTCGTATAGCGTGTGGAATTGTGAGCGGATACAATTTCACACAGGAAACAGACC,ML3518,246.54330492011,1.1631170982385,3,73
PL3519,TTGACAATTAATCATCCGGCTCGTATAATGTGCGGAATTGTGAGCGGATACAATTTCACACAGGAAACAGACC,ML3519,2748.83834065626,5.10575012701497,3,73
PL3520,TTGATAATTAATCATCCGGCTCGTATAATGTGTGGAATTGTGAGCGGATACAATTTCACACAGGAAACAGACC,ML3520,1473.57759935126,18.1351078310599,3,73
PL3521,TTGACAATTAATCATCCGGCTCGTATAGTGTGTGGAATTGTGAGCGGATACAATTTCACACGGGAAACAGACC,ML3521,583.273708273709,2.80687780687754,3,73
PL3522,TTGACAATTAATCATCCGGCTCGTATAGTGTGTGGAATTGTGAGCGGATACGATTTCACACAGGAAACAGACC,ML3522,1482.09705564261,16.6744431288901,3,73
PL3523,TTGACAATTAATTATCCGGCTCGTATAATGTGTGGAATTGTGAGCGGATACAATTTCACACAGGAAACAGACC,ML3523,7493.05972197575,30.036407861945,3,73
PL3524,TTGACAATTAGTCATCCGGCTCGTATAGTGTGTGGAATTGTGAGCGGATACAATTTCACACAGGAAACAGACC,ML3524,1408.20102198262,6.58997480195001,3,73
PL3525,TTGACAATTAATCATCCGGCTCTTATAATGTGTGGAATTGCGAGCGGATACAATTTCACACAGGAAACAGACC,ML3525,18098.2684704672,11.2123421739507,3,73
PL3526,TTGACAATTAATCATCCGGCTCGTATAGTGTGTGGAATTGTGAGCGGATACAATTTCACACAGGAAACAGGCC,ML3526,592.047762488305,3.63124985737448,3,73
PL3527,TTGACAATTAATCATCCGGCTCGTATAATGTGTGGAATTGTGTGCGGATACAATTCCACACAGGTAACAGACC,ML3527,498.677048047593,9.57550631447151,3,73
PL3528,TTGACAATTAATCATCTGGCTCGTATAATGTGTGGAATTGTGAGCGGATACAATTTCACACAGGAAACAGACC,ML3528,6451.6823388358,138.408998003395,3,73
PL3529,TTGACAATTAATCATCCGGCTCGCATAATGTGTGGAATTGTGAGCGGATACAATTTCACACAGGAAACAGACC,ML3529,1467.13896792999,16.71403875152,3,73
PL3530,TTGACAATTAATCATCCGGCTCGTATAATGCGTGGAATTGTGTGCGGATACAATTTCACACAGGTAACAGACC,ML3530,2756.32721293888,53.791653260455,3,73
PL3531,TTGACAATTAATCATCCGGCTCGTATAATGTATGGAATTGTGAGCGGATACAATTTCACACAGGAAACAGACC,ML3531,9044.74721163603,353.932817696645,3,73
PL3532,TTGACAATTAATCATCCGGCTCGTATAATGTGTAGAATTGTGAGCGGATACAATTTCACACAGGAAACAGACC,ML3532,7283.70876231511,140.0102935283,3,73
PL3533,TTGACAATTAATCATCCGGCTCGTATAATGTGTGGAATTGTGAGCGGGTACAATTTCACACAGGAAACAGACC,ML3533,8023.9175027752,115.793962676575,3,73
PL3534,TTGACAATTAATCATCCGGCTCGTATAATGTGTGGAATTGTGAGCTGATACAATTTCACACAGGAAACAGACC,ML3534,19219.9062465173,810.1840242951,3,73
PL3535,TTGACAATTAATCATCCGGCTCGTATAATGTGTGGAATTGTGAGCGGATACAATTTCACACAGGACACAGACC,ML3535,6506.69701041928,102.48552037579,3,73
PL3536,TTGACAATTAATCATCCGGCTCGTATAGTGTGTGGAATTGTGAGCGGATACAATTTCACACAGGTAACAGACC,ML3536,576.82783343088,5.13438472877897,3,73
PL3537,TTGACAATTAATCATCCGGCTCGTATAGTGCGTGGAATTGTGAGCGGATACAATTTCACACAGGAAACAGACC,ML3537,366.412253353914,3.46534111122699,3,73
PL3538,TTGACAATTAATCATCCGGCTCGTATAATGTGTGGAGTTGTGAGCAGATACAATTTCACACAGGAAACAGACC,ML3538,5184.44249729064,145.50674128804,3,73
PL3539,TCGACAATTAATCATCCGGCTCGTATAATGTGTGGAATTGTGTGCGGATACAATTTCACACAGGTAACAGACC,ML3539,865.592994391245,18.829116161519,3,73
PL3540,TTGACAATTAATCATCCGGCTCGTATAGTGTGCGGAATTGTGAGCGGATACAATTTCACACAGGAAACAGACC,ML3540,538.0357657371,5.128758009948,3,73
PL3541,TTGACAATTAGTCATCCGGCTCGTATAATGTGTGGAATTGTGAGCGGATACAATTTCACACAGGAAACAGACC,ML3541,5341.34359792255,88.8183453972952,3,73
PL3542,TTGACAATTAATCATCCGGCTCGTATAATGTGTGGAATTGTGAGCGGATGCAATTTCACACAGGAAACAGACC,ML3542,6515.62969202036,144.20112059179,3,73
PL3543,TTGACAATTAATCATCCGGCTCGTATAATGTGTGGAATTGTGAGCGGATACAATTTCACACAGAAAACAGACC,ML3543,893.059836382115,15.7610724387935,3,73
PL3544,GTGACAATTAATCATCCGGCTCGTATAATGTGTGGAATTGTGAGCGGATACAATTTCACACAGGAAACAGACC,ML3544,518.501331267616,9.00219482547351,3,73
PL3545,TTGACAATTAATCATCCGGCTCGTATAATGCTTGGAATTGTGAGCGGATACAATTTCACACAGGAAACAGACC,ML3545,4420.55073803548,112.366253897915,3,73
PL3546,TTGACAATTAATCATCCGGCTCGTATAATGTGTGGAATTGTGAGCGGATACAATTTCGCACAGGAAACAGACC,ML3546,2403.27389078783,68.4869065543551,3,73
PL3547,TTGACAATTAATCATCCGGCTCGTATAACGTGTGGAATTGTGAGCGGATACAATTTCACACAGGAAACAGACC,ML3547,236.028109261454,0.305144498392494,3,73
PL3548,TTGACAATTAATCATCCGGCTCTTATAATGCGTGGAATTGTGAGCGGATACAATTTCACACAGGAAACAGACC,ML3548,1882.72716292623,31.906983415235,3,73
PL3549,TTGACAATTAATCATCCGGCTCGTATAGTGTGTGGAATTGTGAGCGGATACAATTTCACACAGGAAGCAGACC,ML3549,1304.95679920503,27.78288616155,3,73
PL3550,TTGACAATTAATCATCCGGATCGTATAATGTGTGGAATTGTGAGCGGATACAATTTCACACAGGAAACAGACC,ML3550,5364.11315990382,65.9253510076051,3,73
PL3551,TTGACAATTAATCATCCGGCTCGTATAATGTGTGGAATTATGAGCGGATACAATTTCACACAGGAAACAGACC,ML3551,21688.1375692218,300.903526668601,3,73
PL3552,TTGACAATTAATCATCCGGCTCGTATAATGTTTGGAATTGTGTGCGGATACAATTTCACACAGGTAACAGACC,ML3552,2708.70768359202,77.8091703405651,3,73
PL3553,TTGACAATTAATCATCCGGCTTGTATAATGTGTGGAATTGTGAGCGGATACAATTTCACACAGGAAACAGACC,ML3553,3917.09068641014,15.7695755985949,3,73
PL3554,TTGACAATTAATCATCCGGCTCGTATAGTGTGTGGAATTGTGAGCGGATACAATTTCATACAGGAAACAGACC,ML3554,2042.78566162029,55.6681092853549,3,73
PL3555,TTGACAATTAATCATCCGGCTCGTATAGTGTGTGGAATTGTGAGCGGATACAATTTCACACAGGAAACGGACC,ML3555,424.733709273183,5.090852130326,3,73
PL3556,TTGACAATTAATCATCCGGCTCGTATAGTGTGTGGAATTGTGGGCGGATACACTTTCACACAGGAAACAGACC,ML3556,9479.78734394495,475.519918624885,3,73
PL3557,TTGACAATTAATCATCCGGCCCGTATAGTGTGTGGAATTGTGGGCGGATACAATTTCACACAGGAAACAGACC,ML3557,12538.5154061625,341.54570919275,3,73
PL3558,TTGACAATTGATCATCCGGCTCGTATAATGTGTGGAATTGTGAGCGGATACAATTTCACACAGGAAACAGACC,ML3558,6714.41031847272,194.169147068765,3,73
PL3559,TTAACAATTAATCATCCGGCTCGTATAGTGTGTGGAATTGTGAGCGGATACAATTTCACACAGGAAACAGACC,ML3559,266.017976829641,3.13316188671499,3,73
PL3560,TTGACAATTAATCATCCGGCTCGTATAATGTGTGGAATTGTGAGCGGATACGATTTCACACAGGAAACAGACC,ML3560,4704.97491196671,66.2503040983597,3,73
PL3561,TTGACAATTAATCATCCGGCTCGTATAATGTGTGTAATTGTGAGCGGATACAATTTCACACAGGAAACAGACC,ML3561,7163.72447289504,168.732820140445,3,73
PL3562,TTGACAATTAATCATCCGGCTCGTATAATGTGTGGAATTGTGAGCGTATACAATTTCACACAGGAAACAGACC,ML3562,4600.05063028727,82.234350457265,3,73
PL3563,TTGACAATTAATCATCCGGCTCGTATAGTGTGTGGAGTTGTGAGCGGATACAATTTCACACAGGAAACAGACC,ML3563,1318.68287167892,25.579423403055,3,73
PL3564,TTGACAATTAATCATCCAGCTCGTATAATGTGTGGAATTGTGAGCGGATACAATTTCACACAGGAAACAGACC,ML3564,6280.07027532735,119.095957085365,3,73
PL3565,TTGACAATTAATCATCCGGCTCATATAGTGTGTGGAATTGTGAGCGGATACAATTTCACACAGGAAACAGACC,ML3565,529.092873857427,7.73608993782898,3,73
PL3566,TTGACAATTAATCATCCGGCTCGTATAATGTGTGGAATTGTGAGCGGATACAATATCACACAGGAAACAGACC,ML3566,4410.16336487632,88.1065313174554,3,73
PL3567,TTGACAATTAATCATCCGGCTCGTATAATGTGTGGAATTGTGAGCGGATACAATTTCACACAGGAAACAGACT,ML3567,14783.6685346092,8.57523270384991,3,73
PL3568,TTGACAATTAATCATCCGGCTCGCATAGTGTGTGGAATTGTGAGCGGATACAATTTCACACAGGAAACAGACC,ML3568,373.074291040723,2.948712719507,3,73
PL3569,TTGACAATTAATCATCCGGCACGTATAGTGTGTGGAATTGTGAGCGGATACAATTTCACACAGGAAACAGACC,ML3569,2148.21477555986,47.5894202443399,3,73
PL3570,TGGACAATTAATCATCCGGCTCGTATAATGTGTGGAATTGTGAGCGGATACAATTTCACACAGGAAACAGACC,ML3570,1874.62943780719,43.138550445375,3,73
PL3571,TTGACAATTAATCATCCGGCTCGTATAATGCGTGGAATTGTGAGTGGATACAATTTCACACAGGAAACAGACC,ML3571,18442.2101449276,532.78985507245,3,73
PL3572,TTGACAATTAATCATCCGGCTCGTATAATGTTGGAATTGTGAGCAGATAACAATTTCACACAGGAAACAGACC,ML3572,10552.0001879436,298.0625473136,3,73
PL3573,TTGACAATTAATCATCCGGCTCGTATAATGTGTGGAAGTGTGAGCGGATACAATTTCACACAGGAAACAGACC,ML3573,680.111833187549,18.744583585005,3,73
PL3574,TTGACAATTAATCATCCGGCTCGTATAATGTGTGGAATTGTGAACGGATACAATTTCACACAGGAAACAGACC,ML3574,3883.14074522779,60.158223844375,3,73
PL3575,TTGTCAATTAATCATCCGGCTCGTATAATGTGTGGAATTGTGAGCGGATACAATTTCACACAGGAAACAGACC,ML3575,739.863160999933,15.225479840513,3,73
PL3576,TTGACAATTAATCATCCGGCTCGTATAATGTGTGGAATTGTGAGCGGATACAATTTCACACAGGAAACAGGCC,ML3576,1852.92722328189,44.99941148685,3,73
PL3577,TCGACAATTAATCATCCGGCTCGTATAATGTGTGGAATTGTGAGCGGATACAATTTCACACAGGAAACAGACC,ML3577,694.049514253094,12.7174030401395,3,73
PL3578,TTGACGATTAATCATCCGGCTCGTATAATGTGTGGAATTGTGAGCGGATACAATTTCACACAGGAAACAGACC,ML3578,3129.86256712613,73.0940081741549,3,73
PL3579,TTGACAATTAATCATCCGGCTCGTATAATGTGTGGAATTGTGAGCGGATACAATTTCACACAGGAAACAGACC,ML3579,5801.92903326515,160.903392239505,3,73
PL3580,TTGACAATTAATCATCCGGCTCGTATAGTGTGTGGAATTGTGTGCGGATACAATTTCACACAGGAAACAGACC,ML3580,4311.92348322851,99.759409678305,3,73
PL3581,TTGACAATTAATCATCCGGCTCGTATAGTGTGTGGAACTGTGAGCGGATACAATTTCACACAGGAAACAGACC,ML3581,1664.67272191284,35.3571555894,3,73
PL3582,TTGACAATTAATCATCCGGCTCGTATAATGTGTGGAATTGTGTGCGGATACAATTTCACACAGGTAACAGACC,ML3582,2948.06773238268,76.417520817095,3,73
PL3583,TTGACAATTAATCATCCGGCTCGTATAATGTGTGGAATTGTGAGCGGATACAATCTCACACAGGAAACAGACC,ML3583,1105.81042075554,20.5171365390449,3,73
PL3584,TTGACAATTAATCATCCGGCTCTTATAATGTGTGGAATTGTGTGCGGATACAATTTCACACAGGAAACAGACC,ML3584,5316.42067370386,106.58312857751,3,73
PL3585,TTGACAATTAATCATCCGGCTCGTATGGTGTGTGGAATTGTGAGCGGATACAATTTCACACAGGAAACAGACC,ML3585,337.763012181616,4.42967884828352,3,73
PL3586,TTGACAATTAATCATCCGGCCCGTATAATGTGTGGAATTGTGAGCGGATACAATTTCACACAGGAAACAGACC,ML3586,4545.14735536141,47.1273227501802,3,73
PL3587,TTGACAATTAATCATCCGTCTCGTATAGTGTGTGGAATTGTGAGCGGATACAATTTCACACAGGAAACAGACC,ML3587,2329.08973569439,29.327642117865,3,73
PL3588,TTGACAATTAATCATTCGGCTCGTATAATGTGTGGAATTGTGAGCGGATACAATTTCACACAGGAAACAGACC,ML3588,5435.18895761572,146.622714421525,3,73
PL3589,TTGACAATTAATCATCCGGCTCGTATAATGCGTGGAATTGTGAGCGGATACAATTTCACACAGGAAACAGACC,ML3589,2465.53937316428,45.1770995852651,3,73
PL3590,TTGACAATTAATCATCCGGCTCGTATAATGTGTGGAATTGTGTGCGGATACAATTTCACACAGGAAACAGACC,ML3590,3557.52714653593,121.6487180704,3,73
PL3591,TTGACAATTAATCATCCGTCTCGTATAATGTGTGGAATTGTGAGCGGATACAATTTCACACAGGAAACAGACC,ML3591,3845.9544191611,92.2695190628399,3,73
PL3592,TTGACAATTAATCATCCGGCTCTTATAATGTGTGGAATTGTGAGCGGATACAATTTCACACAGGAAACAGACC,ML3592,4643.87486556093,16.4658719849049,3,73
PL3593,TTGACAATTAATCATCCGGCTCGTATAATGTGTGGAGTTGTGAGCGGATACAATTTCACACAGGAAACAGACC,ML3593,3700.02274730431,10.10356397807,3,73
PL3594,TTGACAATTAATCATCCGGCTCGTATAATGTGTGGAATTGTGAGCGGATACAATTTCACACAGGTAACAGACC,ML3594,2040.95935021176,82.0865398538,3,73
PL3595,TTTACAATTAATCATCCGGCTCGTATAGTGTGTGGAATTGTGGGCGGATACAATTTCACACAGGAAACAGACC,ML3595,2430.370240199,2.29700567415011,3,73
PL3596,TTGACAATTAATCACCCGGCTCGTATAATGTGTGGAATTGTGAGCGGATACAATTTCACACAGGAAACAGACC,ML3596,5473.25585662658,73.8068208139098,3,73
PL3597,TTGACAATTAATCATCCGGCACGTATAATGTGTGGAATTGTGAGCGGATACAATTTCACACAGGAAACAGACC,ML3597,5528.31213826584,5.48445048969506,3,73
PL3598,TTGCCAATTAATCATCCGGCTCGTATAATGTGTGGAATTGTGAGCGGATACAATTTCACACAGGAAACAGACC,ML3598,1333.9883431246,8.17098123057497,3,73
PL3599,TTGACAATTAATCATCCGGCTCGTATAATGTGTGGAATTGAGAGCGGATACAATTTCACACAGGAAACAGACC,ML3599,16487.81173553,121.630324555799,3,73
PL3600,TTGACAATTAATCATCCGGCTCGTATAATGTGTGGCATTGTGAGCGGATACAATTTCACACAGGAAACAGACC,ML3600,6745.33979157493,32.43798620285,3,73
PL3601,TTGACAATTAATCATCCGGCTCGTATAACGTTTGGAATTGTGAGCGGATACAATTTCACACAGGAAACAGACC,ML3601,310.386419846726,0.388472813262496,3,73
PL3602,TTGACAATTAATCATCCGGCTCGGATAATGTGTGGAATTGTGTGCGGATACAATTTCACACAGGAAACAGACC,ML3602,1938.74538353864,2.17452129879507,3,73
PL3603,TTGACAATTAATCATCCGGCTCGTATAGTGTGTGGAATTGTGAGCGGATACAATTTCACACAGGAATCAGACC,ML3603,930.84075727145,5.26622638382554,3,73
PL3604,TTGACAATTAATCATCCGGCTCGTATAATGTGTGGAATTGTGAGCGGATACAGTTTCACACAGGAAACAGACC,ML3604,1576.07659833421,6.118201136925,3,73
PL3605,TTGACAATTAATCATCCGACTCGTATAATGTGTGGAATTGTGAGCGGATACAATTTCACACAGGAAACAGACC,ML3605,4706.45708400839,39.0311158990548,3,73
PL3606,TTGACAATTAATCATCCGGCTCGTATAATGTGTGGAATTGTGAGCGGATACAATTCCACACAGGAAACAGACC,ML3606,3014.61797704183,0.087905311105033,3,73
PL3607,TTGACAATTAATCATCCGGTTCGTATAGTGTGTGGAATTGTGAGCGGATACAATTTCACACAGGAAACAGACC,ML3607,773.622709152478,7.30464207710753,3,73
PL3608,TTGACAATTAATCATCCGGCTCGTATAGTGTGTGGAATTGTGAGCGGATACAATTTCACACAGGAAACAGAAC,ML3608,615.669336304667,10.211689914673,3,73
PL3609,TTGACAATTAATCATCCGGCTCGTATAATGTGTGGAATTGTGAGTGGATACAATTTCACACAGGAAACAGACC,ML3609,23601.4103815428,720.7027554371,3,73
PL3610,TTGACAATTAATCATCCGGCTCGTATAGTGTGTGGAATTGTGAGCGGATACAATTTCACACAGGAGACAGACC,ML3610,6752.95852007578,130.675911380125,3,73
PL3611,TTGACAATTAATCATCCGGCTCGTATAATGTGTGGTATTGTGAGCGGATACAATTTCACACAGGAAACAGACC,ML3611,5238.99660498919,126.8570535474,3,73
PL3612,TTGACAATTAATCATCCGGCTCGTATAATGTGTGGAATTGTAAGCGGATACAATTTCACACAGGAAACAGACC,ML3612,30828.5307514188,27.0735565190007,3,73
PL3613,TTGACAATTAATCATCCGGCTCGTATAATGTGTGGAATTGTGAGCAGATACAATTTCACACAGGAAACAGACC,ML3613,3656.39773022394,33.8926225703199,3,73
PL3614,TTGACAATTAATCATCCGGCTCGTATAATGTGTGGAATTGTGAGCGGATACAATTTCACACAGGAAGCAGACC,ML3614,5191.49240463995,13.3314850997153,3,73
PL3615,TTGACAATTAATCATCCGGCTCGTATAATGTTTGGAATTGTGAGCGGATACAATTTCACACAGGAAACAGACC,ML3615,5691.11774424284,176.36059806575,3,73
PL3616,TTGACAATTAATCATCCGGCTCGTATATTGTGTGGAATTGTGAGCGGATACAATTTCACACAGGAAACAGACC,ML3616,930.123441852204,0.196708806929507,3,73
PL3617,TTGACAATTAATCATCCGGTTCGTATAATGTGTGGAATTGTGAGCGGATACAATTTCACACAGGAAACAGACC,ML3617,4714.0134414324,4.93488132372522,3,73
PL3618,TTGACAATTAATCATCCGGCGCGTATAATGTGTGGAATTGTGAGCGGATACAATTTCACACAGGAAACAGACC,ML3618,6001.71769531315,380.918960635405,3,73
PL3619,TTGACAATTAATCATCCGGCTCGTATAGTGTGTGGAATTGTGGGCGGATACAATTTCACACAGGAAACAGACC,ML3619,11795.1643818228,162.343869002299,3,73
PL3620,TTGACAATTAATCATCCGGCTCGTATAATGTGTGGAATTGTGGGCGGATACAATTTCACACAGGAAACAGACC,ML3620,11801.6442671501,43.3596667602005,3,73
PL3621,ATGACAATTAATCATCCGGCTCGTATAATGTGTGGAATTGTGAGCGGATACAATTTCACACAGGAAACAGACC,ML3621,521.076215151805,1.71198860154652,3,73
PL3622,TTGACAATTAATCATCCGGCTCGTATAATGTGTGGAATTTTGAGCGGATACAATTTCACACAGGAAACAGACC,ML3622,20981.5421824425,90.5179413418009,3,73
PL3623,TTGACAATTAATCATCCGGCTCGTATAATGTGTGGAATTGCGAGCGGATACAATTTCACACAGGAAACAGACC,ML3623,13234.366739086,20.6737930279005,3,73
PL3624,TTGACAATTAATCATCCGGCTCGTATAATGTGTGAAATTGTGAGCGGATACAATTTCACACAGGAAACAGACC,ML3624,4087.59640746589,6.91011022499015,3,73
PL3625,TTGACAATTAATCATCCGGCTCGTATAATGTGTGGAATTGTGAGCGGACACAATTTCACACAGGAAACAGACC,ML3625,2255.85645618866,18.69264200773,3,73
PL3626,TTGACAATTAATCATCCGGCTCGTATAATGTGTGGAATTGTGAGCGGATAAAATTTCACACAGGAAACAGACC,ML3626,4207.58037437222,31.520256283115,3,73
PL3627,TTGACAATTAATCATCCGGCTCGTATAATGTGTGGATTGTGAGCGGATAACGGTTTCACACAGGAAACAGACC,ML3627,1175.70441254652,17.80967570441,3,73
PL3628,TTGACAATTAATCATCCGGCTCGTATAATGTGTGGAATTGTGGCAGATAACAATTTCACACAGGAAACAGACC,ML3628,23626.2240170212,226.69130674085,3,73
PL3629,TTGACAATTAATCATCCGGCTCGTATAATGTGTGAATTGTGAGCGGATAACAATTTCACACAGGAAACAGACC,ML3629,453.731480442616,1.9576445224385,3,73
PL3630,TTGACAATTAATCATCCGGCTCGTATAGTGTGTGGAATTGTGGGCGGATAACACTTTCACACAGGAAACAGAC,ML3630,788.313607645376,7.76722517764904,3,73
PL3631,TTGACAATTAATCATCCGGCTCGTATAGTGTGTGGAATTGTGAGCGGATACAATTTCACACAGGAAACAGACC,ML3631,1136.9018997331,4.24642562574991,3,73
PL3632,TTGACAATTAATCATCCGGCTCGTATAGTGTGTGGAATTGTGAGCGGATACAATTTCACACAAGAAACAGACC,ML3632,344.026696329255,0.800889877642021,3,73
