Promoter;sE oexp;Far;Distal;Proximal;-35;spacer;-10;disc;start;Short sequences
degP;14.00;AATTTTT;ACCTTTTGCAG;AAACTT;GGAACTTCA;GGCTATAAAACGA;ATCTGA;AGGAA;CA;GGAACTTCAGGCTATAAAACGAATCTGAAGAACAC
yaeT;3.50;AGCTGCG;GAAGCACAAAT;TGCACC;GGAACTAAA;AGCCGTAGATGGT;ATCGAA;ACGCC;TG;GGAACTAAAAGCCGTAGATGGTATCGAAACGCCTG
sbmA;1.07;CCGTCGA;AACAATTCTTA;TGGTCA;CGAACTAAG;CGCCTTGCTATGG;GTCACA;ATGGG;CG;CGAACTAAGCGCCTTGCTATGGGTCACAATGGGCG
clpX;16.02;TGAAATT;CTGAAAGTTAA;AGGGCG;TGAACTTAT;GGCGTTCATACGG;GTCAAT;CAATT;AG;TGAACTTATGGCGCTTCATACGGGTCAATCATTAG
ybfG;1.44;TGGATAA;AGTCATTTTTT;ATTCAA;GGAACTTAA;TATTTAAAAAATG;TTCCAT;ACCAA;TT;GGAACTTAATATTTAAAAAATGTTCCATACAATTC
ompX;2.45;CTAAGTT;TTAAATATATC;AAAAAT;GAAACTCTT;CGCGATTTGTGAT;GTCTAA;CGGGC;CA;GAAACTCTTCGCGATTTGTGATGTCTAACGGGCCA
mdoG;23.44;ATCAGGT;GCTTAATCCAT;GAGCCA;TGAACGATA;CCGGGATTCTGTT;GTCGGA;ATGGC;TG;TGAACGATACCGGGATTCTGTTGTCGGAATGGCTG
lpp;0.17;TTTATGT;TGAGAATATTT;TTTTGA;GGCACTTAT;TTTTGATCGTTCG;CTCAAA;GAAAG;CA;GGCACTTATTTTTGATCGTTCGCTCAAAGAAGCAT
yeaY;0.04;GGTTTAT;TTACGTAACAA;CGTCGC;GAAACTTCC;GGGCAAAGAATGA;ATCTTA;AGGAG;TA;AGAAACTTCCGGGCAAAGAATGAATCTTAAGAGTA
sixA;2.01;GCGCGTG;GGGAAAGTTTT;TGGAAA;GCAACTGAC;CTGCAATAAGAAG;GTCAAA;GCCTA;TA;GCAACTGACCTGCAATAAGAAGGTCAAAGCTATAT
ddg;2.64;ATGTCCT;GACTAGTCTTT;ACACTC;GGAACCATT;GTCGTACATGATG;GCCCAA;CCAAT;TG;GGAACCATTGTCGTACATGATGGCCCAACCAATTG
yfeK;4.26;CTTGCCG;ATGATCCTCAT;CGTAAT;GAAACTTTA;CCTGATTCTGGCA;GTCAAA;TCGGC;TA;GAAACTTTACCTGATTCTGGCAGTCAAATCGGCTA
yfeY;0.28;GCGCTTG;TTTTTATGAAG;TAAAAG;GGCACTTTT;TGGTGAATTTGCA;CTCCAA;GCCAA;CG;GGCACTTTTTGGTGAATTTGCACTCCAAGCAACGT
yfgC;0.85;TTCGCCG;TTACACTCAAA;GGCGGC;GGAACGATA;TTTCACAGTATCG;GTCAAA;TGGAC;TA;GGAACGATATTTCACAGTATCGGTCAAATGACTAT
yfgL;3.76;TAAAAAT;ACTTATGGTGC;GCTGGC;GGAACTTGC;GCAGCAATTTGTT;GACAAA;AAATG;AA;GGAACTTGCGCAGCAATTTGTTGACAAAAATGAAC
rpoE;116.81;CAGCATG;ACAAACAAAAA;CAGATG;GGAACTTTA;CAAAAACGAGACA;CTCTAA;CCCTT;TG;GGAACTTTACAAAAACGAGACACTCTAACCCTTTG
rseA;10.94;TCGAAAG;TGGCGGCGCGT;TGAAAG;CGAACCCTG;AGAACTTAATGTT;GTCAGA;AGAAC;TG;CGAACCCTGAGAACTTAATGTTGTCAGAAGAACTG
yfiO;1.17;ATTCTTT;TATTCGCGAAC;GTGAAT;GGAACATTT;CGGCCAAAGCCTG;ATCTAA;GCCGT;TG;GGAACATTTCGGCCAAAGCCTGATCTAAGCGTTGA
dsbC;-0.11;GGCTGGA;AAAAAATCTGG;CTGAAA;TGAACGCTT;ACCGTCGCGATCT;GTCAAT;GATGG;TG;TGAACGCTTACCGTCGCGATCTGTCAATGATGGTG
yggN;19.00;AGAGCGC;AAACTGGATGA;GGTACG;CGAACTTTT;CGACGTTTGGTGG;GACTAA;GAGAA;AG;CGAACTTTTCGACGTTTGGTGGGACTAAGAAAGCA
ygiM;9.52;CGGTTAT;GTCACATAAGT;GACGAT;CGAACTTAA;TGCGATCTTTTTT;GTCAGT;AGGAT;AG;CGAACTTAATGCGATCTTTTTTGTCAGTAGATAGT
bacA;1.32;CTGAAAG;AAAATAATTAA;TTTTAC;TAAACCAAA;CGGTTATAACCTG;GTCATA;CGCAG;TA;TAAACCAAACGGTTATAACCTGGTCATACGCAGTA
yraP;10.56;CGAAACG;GAGCGGCCCAG;CTTACC;TGCACTAAA;TACTGATAATGTT;GTCTTA;ACCGG;CG;TGCACTAAATACTGATAATGTTGTCTTAACGGCGA
greA;2.78;ACGCCCT;ATAAAGTAAAC;GATGAC;GGAACTTCA;GGGTAAAATGACT;ATCAAA;ATTGT;GA;GGAACTTCAGGGTAAAATGACTATCAAAATGTGAA
yhbG;0.18;ACTTACG;CAGCAAGAACG;CCGAGC;AAAAGGTTA;GAACCCTATGAAA;TTCAAA;ACACA;AA;AAAAGGTTAGAACATCCTATGAAATTCAAAACAAA
fkpA;9.42;GCCCGAG;ACAGCACTCAT;TTCGCG;GAAACTAAT;TTAAACAAAAAGA;GTCTGA;AAAAT;AG;GAAACTAATTTAAACAAAAAGAGTCTGAAAATAGA
malQ;0.21;AGAAAAT;ATCTTTATTTT;TGGTCA;GGAACAAGT;GAAGGCAATTCTG;GCCAAA;GGCTA;CG;GGAACAAGTGAAGGCAATTCTGGCCAAAGGCTACG
rpoH;26.25;TTTGTGC;GTAATTTATTC;ACAAGC;TGAACTTGT;GGATAAAATCACG;GTCTGA;TAAAA;CA;TGAACTTGTGGATAAAATCACGGTCTGATAAAACA
yhjJ;3.28;GGTGAGT;TCAGGTTTATT;TCACTT;TGACATTTT;CATGGTTCTTGCG;GTCTAA;CAACG;AA;TGACATTTTCATGTTCTTGCGGTCTAACACGAAGT
yieE;0.25;GTAAAAA;AGTTGTAATAA;GCTTGT;CGAACTTTT;AGCCCTTTAGTCT;GTCCAT;CATTC;CA;CGAACTTTTAGCCGCTTTAGTCTGTCCATCATTCC
plsB;16.30;GTGAATC;CAGTGGTATTA;TTGGCC;AGAACCTTT;TTACATTATGAGC;GTCAAT;ATCAG;TG;AGAACCTTTTTACATTATGAGCGTCAATATCAGTG
ftsZ;0.43;CGATATG;GCGAAAAACAT;CGTCAA;TGAACGTTG;TGGGCTGAAAGTT;GACCAA;CTTGA;TA;TGAACGTTGTGGGCTGAAAGTTGACCAACTGATAT
ybaB;0.68;TGAGCGC;GACCCGTGGGC;GGCACA;CCAACTTTC;GCTACCAAAACTG;GTCGAA;CAGGT;GG;CCAACTTTCGCTACCAAAACTGGTCGAACAGGTGG
ybcR;1.21;TGTTAAT;TTTTTCATCGT;GAGCCC;TGAACTATT;ATTAAAAAATGAT;GTCACT;GCGCG;CG;TGAACTATTATTAAAAAATGATGTCACTGCGCGAT
ycdC;0.21;ATGTTAT;TAATCTGTTAA;CATTAC;TAAAATATC;TGGTTAAAAAGTG;GACTAA;ACGGT;CA;TAAAATATCTGGTAAAAAGTGGACTAAACGGTCAA
narW;-0.09;GGCATGG;AGTACGCATGG;TTTAAC;GAAACCAAA;CCGGGCATTGGTT;ATCCGA;AAAAC;TG;GAAACCAAACCGGGCATTGGTTATCCGAAAAACTG
ydhI;-0.02;ATATTTT;TCAGAAATTGC;GCGTAA;CGCACTTAA;AGAATATTTATTA;ATCTAA;CGCAA;TA;CGCACTTAAAGAATATTTATTAATCTAACGCAATA
lhr;-0.19;TCGACAA;GTAATATTTGT;CATAAT;TGCAATTTA;TCCGATTAAGAGA;ATCAGA;TGGTC;CG;TGCAATTTATCCGTATTAAGAGAATCAGATGTCCG
wzbwzc;0.46;GTGATAA;ATAAACAATGA;TGAAAT;TGAAATTGA;TGCCATTATTGGT;GTCAGT;AACCT;TG;TGAAATTGATGCCATTATTGGTGTCAGTAACCTTG
smpA;20.19;CTGGCGA;ATGCGAAAGAA;CTGCTT;TAAACTTTT;TTCCTGCTTCACG;GTCAGA;GTAAA;CA;TAAACTTTTTTCCTGCTTCACGGTCAGAGTAAACA
yfjO;14.98;TTTGCCT;GACTACTGTAT;GTTACT;TGAACTACG;CACCATTGAAGGT;GTCTTA;AAAAG;TA;TGAACTACGCACCATTGAAGGTGTCTTAAAAAGTA
gspA;0.00;TGTATGG;AAATAATTCAC;ATTAAA;CGACCCTAT;GCTTATAAATATA;ATCAAT;ATTAT;TG;CGACCCTATGCTTATAAATATAATCAATATATTGA
fusA;1.83;TGATAAA;TCCATGGCTCT;GCGCCT;CGAACTTTC;TGATGCTGCAGAA;AACAAA;GGTAC;TG;CGAACTTTCTGATGCTGCAGAAAACAAAGGTACTG
yiaK;-0.34;TCGATAT;ATTTGAAATCA;AGTTTC;TGAAATTTT;AAGCAAAAAAGCG;ATCAAA;AAAAA;CA;TGAAATTTTAAGCCAAAAAAGCGATCAAAAAAACA
yicJ;2.91;AAATAAA;ACAAGTTGATT;TGATAT;TGAACAAAT;TAATTTGATGGCA;GTCTGA;TTTAT;TG;TGAACAAATTAATCTTGATGGCAGTCTGATTATTG
yiiS;6.59;ATGCAAA;TGACAATACCC;GGAAAA;TGAACTCTT;CACCTTAAGCAAT;ATCAAA;AAAAA;AT;TGAACTCTTCACCTTAAGCAATATCAAAAAAAATG
psd;14.38;GCGTGAG;TTCGGCCTCTG;GCACCT;GGAACAAAT;CACTCAGGGCTTT;GTCGAA;TTCCA;TG;GGAACAAATCACTCAGGGCTTTGTCGAATTCCATG
ahpF;-0.26;AGTATAG;ATGTCCTTGAT;TAACAC;TAAACCTTT;TAAAAACCAGGCA;TTCAAA;AACGG;CG;TAAACCTTTTAAAAACCAGGCATTCAAAAACGGCG
ybjW;1.95;GAGCGCG;GCGTTTTTTAA;TGATCT;TGAACTGAT;TGCTATTATGTTG;ATCCCT;GGGGC;TG;TGAACTGATTGCTATTATGTTGATCCCTGGGCTGA
yecI;-1.49;TTGATTT;CATCAATGAAA;TGTAAA;TAAACTTGA;TGATTTAAGCATT;TTCTTA;TAACC;CG;TAAACTTGATGATTTAAGCATTTTCTTATACCCGT
rybB;15.47;CCTGAAA;ATGAAATTTTT;TTGCAC;AGAACTTTT;CCGCAGGGCATCA;GTCTTA;ATTAG;TG;AGAACTTTTCCGCAGGGCATCAGTCTTAATTAGTG
c0428;0.17;TATTCCA;AGAAAATTAAA;TATTCA;TAAACCAAA;CCTGACATTTTGA;ATCAAA;ATGTC;AG;TAAACCAAACCTGACATTTTGAATCAAAATGTCAG
yliF;0.18;CTGGATT;GCGCGTAATAT;TCGCCA;GGAAATTGG;CGAACTATTCCTG;GTCTAT;CAAAC;CG;GGAAATTGGCGAACTATTCCTGGTCTATCAACCGA
c4860;-0.04;AATTACT;GCCACACCCAA;CAGGAT;CAAACCTGT;CTGGGCAATTACA;GTCAAA;TCCAA;TG;CAAACCTGTCTGGGCAATTACAGTCAAATCAATGG
STM0019;0.06;TTATGAA;ATCGAATCTGA;AGTTAT;GGAACCGTT;CTACTTTGAAGGT;ATCAAT;GTTAG;AA;GGAACCGTTCTACTTTGAAGGTATCAATGTAGAAA
STM0084;0.04;TCTGCAG;TTGTATCTCTA;AAATAA;TGAACTTTT;CATCAAATAATTT;TTCAGT;GAAAT;TA;TGAACTTTTCATCTAAATAATTTTTCAGTGAATTA
yccR;-0.25;AAAGATC;AACTCTATTTT;CGGAAA;CGCAATTTT;TATTCTTAGTGGC;GTCAAA;AATAA;AA;CGCAATTTTTATTCTTAGTGGCGTCAAAAATAAAA
STM1676;1.14;GCAATAA;AAAATCTGTAC;AACTGT;TGAACTTTT;TGTAATAAATATA;ATCGTA;TTTAA;CA;TGAACTTTTTGTATAAATATAATCGTATTTAACAA
ychH;1.31;TAAATGA;AACTTTACATT;TGTGAT;CGCACTTAC;AAACGAAAGTGTT;GTCTAT;ACCTT;TA;CGCACTTACAAACGAAAGTGTTGTCTATACTTTAC
micA;52.96;CCACCTC;CGGTAATTTTT;TTAAAA;TGAACTCTT;TCTTCCCAGGCGA;GTCTGA;GTATA;TG;TGAACTCTTTCTTCCCAGGCGAGTCTGAGTATATG
