Sequence-ID,Activity,last40
m000,1,GAGGTATATATTAATGTATCGATTAAATAAGGAGGAATAAA
m001,1.951,GAGGTATATATTAATGTATCGATTAAATAAGGAGGAATAAA
m003,0.699,GGGGTATATATTGATGTATCGACTAAGCAAGGAGGGGTAGC
m004,2.707,GAGGTATGTATTAATGTACCGACTAAGTAAGGAGGAACAGA
m005,0.117,GAGGTATATATTAGTGTATCGATTGAATAAGGGGGAATAGA
m006,0.013,GAGATGCGCACTAGTGTATCGGTTAAGTAAGGAGGAATAAA
m007,0,GGGGTATATACTAATGTATCGATTAAGTAGGGAGGAATAAA
m010,3.559,GAGGTATATATTAATGTATCGATTAAATAAGGAGGAATAAA
m014,0.07,GGGGTATATACTAAGGTACCGATTAAATGAGGGGGAACAAA
m015b,0.184,GAGGTATGTATTAGTGTATCGATTAAATAAGGAGGAATCAA
m017,0.697,GGGGTATATATTAATGTATCGACTAAGCAAGGGGGGCTAGA
m018,0.76,GAGGTGTATACTAATGTATCGGTTGAATGAGGGGGAATAAA
m019,2.298,GGGGTGTAGATCAGTGTATCGATTAAATAAGGAGGAATAAA
m021,0.114,GGGGTATATATTGGTACATCGACTGAGTAAGGAGGAGTAAG
m024,2.569,GGGGTATATGCTAATGTGTCGATTAAATAAGGAGGGATGGG
m026,0.272,GGGACATATATCACTGTACCGACTAAACAAGGAGGAATCAG
m028,1.773,GGGGTATACATTAATGCATCGGTTAGATAAGGGGGAATAAA
m029,0.036,GGGACGCGTACCAATGCATCGGTTGAATAAGGGGGAATAAA
m030,0.309,GGGGTGTGTACTAACGTACCGATCAAATAAGAAGGAATAAA
m031,0.512,GAGGTATACATTCATGTATCGATTGAATAAGGAGGAATGAG
m054,0.239,GAGGTATATATCAATGTATCGATTAAGTAAGGAGGAATGAA
m085,1.237,GAGGTATATATTAATGTATCGATTAAATAAGGAGGAATAAG
m092,0.939,GAGGCATATATTAATGTACCGATTAAATAAGGAGGAATAAA
m150,1.299,GAGGTATATATTAATGTATCGATTAAATAAGGAGGAACAAA
m198,0.043,GGGGTGCATATTGATGTATCGATTAAACAAGGGGGGATAAG
m213,0.136,GAGGTATATATTAATGTATCGATTAAATAAGGAGGAATAAA
m232,0.617,GAGGTATATATTAATGTATCGATTAAATCAGGAGGAATAAA
m244,0.061,GAGGTATATATGAATGTATCGATTAAATAAGGAGGAATAAA
m354,0.714,GAGGTATATACTAATGTACCGACTAGACAAGGAGGAGTAGA
m360,0.209,GAGGTATATATTGATGTATCGATCAAATAAGGAGGAATAAA
m363,0.211,GGGGTAGACATTAATGTATCGATCAAATGAGGGGGAGTAAA
m396,0.184,GAGGTATATACTAATGTACCGGTTAAACAAGGAGGAATAAA
m412,0.065,GAGGTATATATTAGTGTATCGATTAAATAGGAAGGAGTAAG
m413,0.062,GAGGTATATGTCAGTGTATCGACTAAATAAGGAGGAATAGA
m421,0.234,GAGGTGTATATTAATGTATCGGTTAAATAAGGAGGAATAGA
m424,0.128,GGGGTGTATGTTAGTGTATCGATTAAGTAAGGAGGAATAAA
m427,0.994,GAGGTATATACTAATGCATCGATCAAATAAGGAGGAGTAAA
m428,0.258,GAGGTATACACTAATGTACCGATTAAATAAGGGGGGACAAA
m430,0.249,GAGGTATACATTAACGTATCGACTAAATGAGGAGGAATAAG
m434,0.219,GAGGTATATATTAATGTATCGATTAAATAAGGAGGAATAGA
m435,0.187,GAGATACATACTAATGCATCGACTAAATAAGGGGGGATAAA
m441,0.156,GAGGTATATACTGATGTACCGACTGAATAGGGAGGGATAGA
m442,0.417,GAGGTGTATATTAATGTATCGATTAAATAAGGAGGAATAAA
m444,0.245,GAGGCGCATATTAATGTATCGATTAAGTAAGGGGGAATAAA
m445,0.327,GAGGTGTACATTGGTGCATCGATTAGATGAGGAGGAGTAGG
m447,0.019,GAGGTACATATTAACGTATCGGTTAAATAAGGAGGGATAGA
m449,0.237,GAGGTATATATTAATGTATCGATTAAATAAGGAGGAATGAA
m454,0.509,GGGGTATATATTAATGTATCGACTAAATAAGGAGGAGTAAG
m459,0.468,GGGGTATGTACTAATGTGTCGGCTAAATAAGGAGGGATGAG
m460,0.183,GAGGTGTATACTCGTGTGTCGATTAGATGAGGAGGAGTAAG
m463,0.61,GAGGTATATATTAATGTACCGGTTAAACAAGGAGGAATAAA
m473,0.07,GAGGTGTGTATTAATGTATCGACTAAGTAAGGAGGAATAAA
m477,0.265,GAGGTATACATTAATGTATCGATTAAATGAGGAGGAATAAA
m479,0.067,GAGGTGTGTATTAATGTATCGACTAAGTAAGGAGGAATAAA
m483,0.528,GAGGTATATATTAATGCATCGATTAAGTAAGGGGGAATAAA
m484,2.74,GAGGTATGTATCAATGTATCGATTAAATAAGGAGGAATGAA
m489,0.167,GAGGTGTACACTAATGCATCGATTGGATAAGGAGGAATGGA
m491,1.071,GGGGTATGTATCAATGTATCGGTTAAGCAGGGAGGAGTAAG
m501,1.076,GAGGTGCGTATCAACGTATCGACTAAATAAGGAGGAATAAA
m505,2.469,GAGGTATGTACTAATGTATCGACCAAGTAAGGAGGAGTAAG
m509,0.033,GAGGTGTGCACTGGCGTATCGGTTAGACAAGGAGGAGTAAA
m510,0.432,GAGGTATACACTAACGTATCGATTAAGCAAGGAGGAGTAAA
m514,0.174,GAGGTATATATTGGTGCATCGATTAAGTAAGGAGGAATAAA
m517,0.238,GGGGCATATGCTAATGTACCGATTAAGTAAGGAGGAATGGA
m520,0.158,GAGGTATATGTCAATGTATCGATCAAGTAAGGAGGAATAAA
m521,0.734,GAGGTATACACCAATGTACCGGTTGAATAGGGAGGGATAAA
m524,0.396,GAGGTATACACTAATGTACCGACTAAGTAAGGGGGAATAAA
m526,1.345,GAGGTATATATTAATGTATCGATTAAGTAAGGAGGAATAAA
m534,0.154,GAGGCATATATTAATGTATCGATTAAATAAGGAGGAATGAA
m542,0.093,GAGATATCTATCGATGTATTGGTTAAATAAGGAGGAGCAGA
m545,0.094,GAGGTATGTGGTAATGTATCGATTGAATAGGGAGGAGTGAA
m546,1.224,GAGGTACATGCTACTGTATCAATTAAATAAGGAGGAGTGAA
m548,0.145,GAGGTCTACATTGATGCATCGATTAAATAAGGAGGAATAAA
m552,0.062,GAGGCATATATTAGTGCACCGACTAAATAAGGAGGGATAAG
m565,2.848,GAGGTACATATTAATGCATCGATTAGGTAAGGAGGAATAAA
m566,0.208,ACGGTATATACTAATGTATCGACTAAGTGAGGAGGAATAGA
m573,0.791,GAGGTAGATATTAATGTACCGATTAAATAAAGAGGAACAAA
m580,0.014,GAGGTATATATCAATGTATCGATCAAACAAGGAGGAGTAAG
m585,0.105,GGGGCATCTATTGATGTATCGATTAAACAAGGGGGAATAGA
m586,0.106,GAGGTGCACATTAGTGTACCGACTAAATAGGGAGGGATAAA
m587,0.606,GGGGTATATATTAATGTATCGATTAAATAAGGAGGGATAAA
m590,0.076,GAGGTATATATTAACGCGTCGGCTAGACGAGGGGGAACAAA
m591,0.09,GAGGTATATACTGATGTATCAATTAGATGAGGAGGAATAAA
m599,0.001,GAGGTATGTATTGGTGCATTGGTTGAATAAGGAGGAATAAG
m606,0.018,GAGGTACATATTGATGTATCGATTAAATAAGGAGGGATAAA
m626,0.64,GAGGTATATATTAATGTATCGATTAAATAAGGAGGAATAAA
m629,0.395,GAGGTATATATTAAGGTATCGATTAAATAAGGAGGAATAAA
m640,0.366,GAGGTATATATTAATGTATCGATTAAATAAGGAGGAATAAA
m647,0.176,GAGGTATATATTAATGTAGCGATTAACTAAGGAGGCATAAA
m659,0.91,GAGGTATATATTAATGTATCGATTAAATACGGAGGAATAAA
m664,0.106,GAGGTATATATTAAGGTATCGATTAAATAAGGAGGAATAAA
m670,0.631,GAGGTATATATTAATGTATCGATTAAATAAGGAGGAATAAA
m675,0.88,GAGGTATATATTAATGTATCGATTCAATAAGGAGGAATAAA
m701,0.847,GAGGTATATATTAATGTATCGATTAAATAAGGAGGAATAAA
m702,1.947,GAGGTATATATGAATGTATCGATTAAATCAGGAGGAATAAA
m705,0.987,GAGGTATATATTAATGTATCGATTAAATAAGGAGGAATAAA
m706,1.754,GAGGTATATATTAATGTATCGATTAGATAAGGAGGAATAAA
m708,2.722,GAGGCACATATTAATGTGTCGATTAAATGAGGAGGAGTAGA
m709,2.056,GAGGTATCTATTAATGTATCGAGTACATAAGGAGGAATAAA
m710,1.39,GAGGTATATATTAATGTATCGATTAAATAAGGAGGAATAAA
